context,PC1,PC2,PC3,B_ds.Ehof,B_ds.Dipole,B_ds.IP,B_ds.Ehomo,B_ds.Elumo,B_ds.dEhof_ds_ss,B_ds.dIP_ds_ss,B_ds.dEhomo_ds_ss,B_ds.dElumo_ds_ss,B_ds.dEhof_ds_del1,B_ds.dIP_ds_del1,B_ds.dEhomo_ds_del1,B_ds.dElumo_ds_del1,B_ds.dEhof_ds_del2,B_ds.dIP_ds_del2,B_ds.dEhomo_ds_del2,B_ds.dElumo_ds_del2
AACAA,-0.6232140886667428,-2.650053015071836,4.373784850343626,-5549.53366875,52.7453625,8.9046966875,-8.9045625,-0.658,-91.42634187500005,-9.2877586875,9.287812500000001,0.8114375,-60.05666312500007,-0.12441300000000001,0.12437500000000011,0.061875,-41.050212500000036,-0.009508249999999888,0.009625000000000225,-0.00075
AACAC,0.14658311290456771,-3.204972231101,2.095548446710403,-5563.713745,40.459399375000004,8.8007899375,-8.8006875,-0.659125,-98.54412499999968,-9.2718445,9.2719375,0.8126249999999999,-59.50670000000003,-0.0281118749999999,0.028312499999999626,0.059187500000000004,-41.52329312500006,-0.024969499999999967,0.024937499999999824,0.00175
AACAG,-0.842593596364035,-2.4010371669637864,3.1923950241276993,-5557.784836875,55.999454375,8.8846459375,-8.8846875,-0.6753750000000001,-97.93885937500013,-9.31415775,9.314125,0.8303125,-59.55202624999993,-0.07977481250000003,0.07974999999999978,0.03868749999999997,-41.313943124999994,-0.0031358124999999433,0.0030624999999998496,0.0013124999999999875
AACAT,1.6797892510188719,-1.4487196346716436,2.455981047287435,-5559.409363125,39.3765075,8.818779625,-8.81875,-0.6623125,-91.77717687500014,-9.308524437500001,9.3085,0.792,-60.664252500000025,-0.18784193750000014,0.18800000000000028,0.05018750000000001,-41.97105375000001,-0.11285543750000016,0.11300000000000031,0.0012499999999999874
AACCA,2.2561972502788143,0.3884823862851538,1.854082103303432,-5557.27488375,38.12673625,8.7554299375,-8.755375,-0.6655625,-95.1384062500002,-9.4009596875,9.401125,0.825125,-58.711316250000095,-0.17496868750000025,0.17506249999999993,0.0343125,-40.7453743750001,-0.14229031250000015,0.14231250000000017,0.0001875
AACCC,3.117651587473251,0.8396211785058502,0.8788070689235972,-5556.470419375,26.30045625,8.681833375,-8.6818125,-0.6391875,-97.27493437499999,-9.4523149375,9.4525625,0.8115,-59.272696249999846,-0.15609200000000012,0.15612499999999993,0.0310625,-39.65483437499994,-0.149420875,0.14943749999999992,0.002249999999999975
AACCG,2.6803441483488424,-0.02683841674052896,0.4175683023964595,-5557.1346218749995,42.420615625,8.691326625,-8.6913125,-0.684375,-102.89151250000006,-9.3468168125,9.3469375,0.8021875,-59.14827125,-0.14902124999999983,0.14893750000000014,0.024749999999999987,-40.08803062499994,-0.1518560625,0.15187500000000018,0.000875
AACCT,2.740369634837871,0.023578630087537838,1.1461214320930346,-5555.284404375,27.583334375,8.731321625,-8.7313125,-0.66625,-93.6598937500001,-9.360289375,9.360375,0.7916875,-58.14868749999999,-0.1924455625,0.19231250000000025,0.026312499999999996,-41.144912500000075,-0.15823193750000009,0.15824999999999984,0.0010624999999999875
AACGA,3.1344519824140873,0.5298076729348434,0.9718071208196244,-5553.325030625,51.742880625,8.6843885625,-8.684312499999999,-0.6695625,-96.21849187500003,-9.4183250625,9.418375,0.7655,-58.415980000000154,-0.21467468750000013,0.21481250000000002,0.043625,-39.55415500000016,-0.14183431249999987,0.14193750000000013,0.010312499999999994
AACGC,3.8053570394008003,0.27032847811253596,0.0168495108159905,-5557.78865625,37.934736875,8.7357541875,-8.7358125,-0.6571875,-104.85273187499992,-9.372804375,9.3728125,0.7473125,-59.49757187500005,-0.24084318749999975,0.2408125000000001,0.024124999999999983,-39.18819437500001,-0.2054389375000001,0.20537499999999995,0.007624999999999995
AACGG,4.179862142793648,0.32884011450501666,0.3362192358131644,-5565.37404375,50.81827125,8.66199375,-8.661999999999999,-0.6653749999999999,-102.54575124999992,-9.4533178125,9.4534375,0.7564375,-58.052950624999944,-0.21659075000000008,0.21656250000000024,0.045,-39.29202499999991,-0.15127406250000006,0.15137500000000012,0.0026875
AACGT,3.436341031939265,-0.5862829935643644,0.4889262172162699,-5560.724585,38.510889999999996,8.7193883125,-8.719375,-0.6520625,-97.46821499999999,-9.341282625,9.341375,0.7516875,-59.32681249999995,-0.23451118750000013,0.23443749999999983,0.022375000000000006,-40.607257499999946,-0.1511255625000003,0.1511250000000001,0.0026875000000000002
AACTA,0.06663829991910643,0.6213161085764001,2.182411934483052,-5543.128719375,48.9941975,8.863209625,-8.8631875,-0.6841875,-87.009165,-9.375459625,9.3755,0.775875,-62.09327312500011,-0.1516144375000001,0.15149999999999977,0.012312499999999994,-37.67357625000017,-0.14029425,0.14024999999999985,0.008562499999999994
AACTC,0.011851601346748187,-1.9440998197797332,0.9035080210166759,-5557.506305625,30.529726875,8.8090971875,-8.8091875,-0.656375,-93.85543499999994,-9.3063980625,9.3063125,0.781125,-61.95832374999992,-0.06276218749999991,0.06268750000000012,0.014124999999999993,-38.172372499999945,-0.06077299999999991,0.0606875000000001,0.010312500000000006
AACTG,0.590028736710535,-1.1792368402693367,0.962580867136023,-5557.038845625,45.945490625,8.8282363125,-8.8283125,-0.6769375,-96.69524437500023,-9.328902875,9.328875,0.7565000000000001,-61.88308875000001,-0.11230381249999988,0.11231250000000012,0.0090625,-37.55266312499999,-0.1015228124999999,0.10131250000000011,0.0033750000000000004
AACTT,0.6929416590859578,0.22662333001068663,1.9469704083774595,-5543.139544375,41.250679375,8.8482994375,-8.8484375,-0.67175,-87.39905187499994,-9.3048645625,9.3046875,0.768,-61.67395187500001,-0.15678699999999995,0.15668749999999995,0.0036874999999999937,-38.58622250000019,-0.17165187499999995,0.1715000000000003,-0.0023750000000000125
AATAA,-4.4919633454049075,0.5344850921107691,1.6107687651400693,-5538.41016625,58.417233124999996,8.910045437499999,-8.91,-0.6639375,-79.28273250000024,-9.318394,9.3183125,0.8286875,-117.283864375,0.045446312499999954,-0.0454374999999998,-0.00375,28.059277500000118,-0.08062531250000035,0.0805625000000003,0.006312499999999975
AATAC,-2.7732525153898795,0.8788373333476002,-0.2466350039797904,-5544.4405668750005,46.92259875,8.7725475625,-8.7725,-0.687375,-88.54440812500029,-9.453339625,9.453375,0.8130000000000001,-115.64217375000007,-0.0027309999999999062,0.0027500000000000185,-0.001375,27.589567499999927,-0.03339912499999987,0.03349999999999986,0.022687499999999982
AATAG,-4.447460335775881,1.204802374827951,1.1090443328035935,-5545.831496875,62.035063125,8.8862725,-8.8863125,-0.682125,-87.41739687499995,-9.46095525,9.460875,0.85125,-116.22538749999987,0.06342893750000035,-0.06349999999999993,-0.0016874999999999876,28.269186250000075,-0.03773706249999986,0.03756249999999983,0.014999999999999987
AATAT,-4.724050548406819,0.5254399492897295,0.4222157214472687,-5545.56402875,44.967481875,8.9291885,-8.9290625,-0.6585624999999999,-81.24280749999997,-9.3707060625,9.37075,0.815625,-115.522023125,0.08103075000000017,-0.08074999999999996,-0.000875,25.957746250000074,-0.09096349999999982,0.09106249999999995,0.0271875
AATCA,-2.297672515395434,0.9336675633688193,0.09738660426403616,-5546.09884,45.105081875,8.8075271875,-8.8075625,-0.6791875,-87.35234125,-9.38504775,9.385125,0.8135625,-115.961839375,-0.01272893750000015,0.012687500000000088,-0.000875,25.883412500000077,-0.10382712500000046,0.10381249999999988,0.009625000000000007
AATCC,-1.5111098954051165,1.69503334415056,-0.9746362876345603,-5550.033573125,30.711149375,8.751761375,-8.7518125,-0.6626875,-90.97362062499991,-9.5150426875,9.5148125,0.8145,-116.02561312500012,-0.02842225000000008,0.028312500000000056,-0.0025,25.186828125000105,-0.08531668750000035,0.08525000000000006,0.025625
AATCG,-1.0395933584106507,0.32070432819156963,-1.039780645721292,-5553.4511575,46.72941875,8.7321000625,-8.7320625,-0.69475,-96.00357562499995,-9.3716810625,9.37175,0.796875,-115.73767125,-0.032980437500000015,0.03293749999999995,-0.0004375,26.02055625000003,-0.09591631250000009,0.09600000000000011,0.006624999999999988
AATCT,-2.427772516630655,1.10185202722305,-0.4201029170834723,-5550.000860625,31.9185075,8.8099738125,-8.81,-0.6639375000000001,-86.5103425,-9.391411625,9.39125,0.8368125,-114.57174250000006,0.011931187499999881,-0.011937500000000045,-0.001875,23.513330625000037,-0.12131575000000017,0.12131249999999971,0.020937499999999994
AATGA,-2.430404311832954,1.3514123570218024,0.8057300983590933,-5547.162215,56.701370625,8.846544125,-8.846562500000001,-0.6726875,-89.20919312500001,-9.455703125,9.4556875,0.8089375,-116.28879750000006,-0.01664806249999994,0.01656249999999958,-0.0016875,25.311789374999936,-0.08865306249999967,0.08849999999999984,0.0018125
AATGC,-2.95917936319668,-1.9778557098563065,-0.5405316223448691,-5558.978441875,39.535426875,8.8958408125,-8.8959375,-0.650875,-98.42926437499986,-9.301198625,9.3010625,0.7751875,-116.25729125,0.030614062499999987,-0.030812499999999913,-0.00125,25.485153125000068,-0.046883437500000014,0.0468125000000003,0.012562499999999999
AATGG,-1.711268264149536,2.1177368209942666,0.10549141733103479,-5554.85937375,56.528909375,8.8066861875,-8.806625,-0.6685,-95.81866999999991,-9.5461731875,9.54625,0.8335,-116.25783499999987,-0.023946625000000218,0.0239999999999998,-0.0023125,25.44036624999996,-0.08819856250000023,0.0883124999999996,0.0080625
AATGT,-3.092355628086329,-0.7024339006205543,0.512424166767566,-5551.159324375,45.742183125,8.8825575625,-8.8824375,-0.6693125,-91.2429012500001,-9.27663925,9.27675,0.827375,-116.49050437500006,0.005949437499999988,-0.005749999999999931,-0.006625000000000006,25.13451812499994,-0.08115743749999997,0.08137500000000036,0.0034374999999999874
AATTA,-4.062259939005028,1.706478099632585,1.4856974263622706,-5536.405398125,55.3981075,8.91075175,-8.9108125,-0.674375,-79.5098662499999,-9.390614,9.390375,0.8254375,-119.18924124999981,0.01819812499999997,-0.018125000000000287,-0.0029374999999999753,28.336774374999944,-0.11645543749999976,0.1164375,0.0094375
AATTC,-3.4814810538534395,-0.6197589027632994,0.8888647048508003,-5543.904954375,38.71727125,8.84760225,-8.8475625,-0.6458125,-85.86160374999993,-9.330669375,9.330625,0.8331875,-119.49259937499988,0.0035758125000000594,-0.003562500000000144,-0.000875,28.288337500000125,-0.019553375000000088,0.01956249999999982,0.0124375
AATTG,-3.7345010226094213,-0.5877951656138145,0.6064680309251562,-5546.6182775,53.27084625,8.8905889375,-8.890625,-0.67875,-89.38994750000013,-9.308301437499999,9.308125,0.80025,-119.98600062500006,0.03653481250000003,-0.036625000000000144,-0.001375,28.812815624999974,-0.06393500000000008,0.06387500000000003,0.004624999999999994
AATTT,-4.324423487387887,0.35393758097786215,1.458490147734668,-5536.425653125,44.31408,8.9232829375,-8.9233125,-0.6749375,-81.599578125,-9.27786175,9.277875,0.8432499999999999,-117.644735,0.021264187500000132,-0.02131250000000016,-0.0015,26.96381812499999,-0.10523993750000005,0.10518749999999968,0.011562499999999993
ACCAA,1.4412332211169705,0.88436248064092,2.1117936219107047,-5551.235490625,56.285326250000004,8.7904173125,-8.7904375,-0.6485000000000001,-96.30554624999986,-9.3870020625,9.387125,0.830125,-60.18284437500005,-0.16244100000000006,0.16243749999999982,0.019812499999999986,-38.38292875000014,-0.14503543749999995,0.14493749999999994,0.0011250000000000001
ACCAC,0.6753583953669683,-1.1755827176958877,0.605903738728943,-5555.9854275,46.689135,8.7542165625,-8.754125,-0.67975,-103.80181375000008,-9.336900875,9.3371875,0.7961875,-59.81761625000007,-0.06289137499999985,0.06300000000000015,0.00937499999999998,-37.81481687500015,-0.06875243749999979,0.06881249999999992,0.0021249999999999876
ACCAG,1.5084195535659528,1.3661293264214749,1.3107905309993018,-5557.228380625,59.209598125,8.777365125,-8.777375,-0.67125,-103.44949812500009,-9.42480575,9.4246875,0.851875,-59.663419375000046,-0.14860349999999997,0.1485625000000003,0.0029999999999999875,-38.43512187499992,-0.14770875000000003,0.1477500000000001,0.0018124999999999875
ACCAT,2.6349448481908455,2.325446494906225,1.1076196714972195,-5557.5592375,48.63999875,8.7504856875,-8.7505,-0.663125,-97.40842687500013,-9.4482379375,9.4481875,0.8422499999999999,-60.464945624999984,-0.19850362500000018,0.19843749999999988,0.010875000000000001,-39.22484625000014,-0.2129991875000002,0.21299999999999988,0.0043125
ACCCA,3.417195853465516,2.639182988240389,0.4655915236425254,-5557.0146225,46.09966625,8.696093,-8.696125,-0.652,-99.84336999999978,-9.489910625,9.4896875,0.818125,-59.82665937499992,-0.19020656249999995,0.19024999999999986,0.0093125,-38.02116062499987,-0.21857225000000005,0.21856249999999994,0.001375
ACCCC,3.3069102781968134,1.5708797102025382,0.048701889288427835,-5560.8375293750005,34.290859375,8.6716949375,-8.67175,-0.631,-102.91433000000019,-9.508866125,9.5088125,0.810625,-61.032736875000126,-0.14872418750000013,0.14862500000000026,0.010687499999999987,-37.07593250000008,-0.15690856249999988,0.1568125000000002,0.0025
ACCCG,2.703633084505503,0.3441906715483145,-0.522868011350948,-5558.473179375,47.18319125,8.687452875,-8.6875,-0.6841875,-108.53200062499975,-9.3914585,9.3914375,0.7791250000000001,-59.6103700000001,-0.1356745625,0.13562500000000005,0.0034375,-37.70677250000005,-0.15058518749999986,0.15062500000000012,0.00175
ACCCT,3.4730439344142896,1.9613824943666789,0.4107323637864395,-5555.508498125,39.77011,8.6776653125,-8.6775625,-0.639125,-98.26321937499992,-9.44150325,9.4415625,0.81275,-59.8637018749999,-0.18425112499999963,0.18449999999999994,0.012562499999999994,-38.584650624999945,-0.20674231249999986,0.20681249999999993,0.0015625
ACCGA,2.873598368182316,0.7518917199211964,-0.3310649449281023,-5555.418524375,56.856155,8.6733393125,-8.6733125,-0.665125,-102.70154750000023,-9.358425875,9.3584375,0.7840625,-58.77720500000014,-0.18438593749999985,0.1844375,0.00575,-38.079836250000035,-0.1675614999999999,0.16756249999999978,0.011000000000000001
ACCGC,5.227119820396071,1.7038483742102533,-1.4868924411227507,-5566.631468125,43.251866875,8.657110875,-8.6570625,-0.642625,-111.92777062499981,-9.4061210625,9.40625,0.7713125,-60.66168499999988,-0.2416961875,0.24168750000000006,0.0044999999999999875,-36.764257499999985,-0.2749583124999999,0.2749375000000001,0.004
ACCGG,3.575481160681227,1.354790211573658,-0.3357012362639358,-5562.699745,57.3600075,8.6469178125,-8.6466875,-0.6745625,-109.67559250000006,-9.4363306875,9.4364375,0.8208125,-59.03676874999991,-0.19337318750000007,0.1935625,0.003625,-37.71318812500004,-0.15994681250000017,0.16006249999999997,0.00275
ACCGT,4.8076538039455405,1.588835461796925,-0.597308784025551,-5563.034805,47.027931875,8.6468513125,-8.64675,-0.63775,-104.52894124999987,-9.4086700625,9.40875,0.7879375,-60.22732937499979,-0.2661348125,0.26631249999999995,0.007249999999999994,-38.0702374999999,-0.22513375000000005,0.2253124999999999,0.005812499999999988
ACCTA,1.2824775662926933,1.0343004431947809,0.8570548556200692,-5555.054416875,50.235533124999996,8.7639973125,-8.764,-0.6629375000000001,-93.78317500000027,-9.40953425,9.4095625,0.80275,-65.37263562499999,-0.12400074999999991,0.12406250000000005,0.017812499999999974,-36.45913625000003,-0.15925162499999984,0.15918750000000004,0.011062499999999982
ACCTC,2.356172609201443,-0.5923164820342111,-0.226750762277149,-5566.866530625,35.790395000000004,8.73143025,-8.731375,-0.64125,-100.37998750000015,-9.3516600625,9.351625,0.781,-64.7705068750002,-0.1292886249999997,0.12918749999999993,0.012874999999999994,-35.847978125000054,-0.14504312499999963,0.145125,0.0053125
ACCTG,2.4514672035161302,0.04745854474072033,-0.4098746209821239,-5566.58090375,47.450805,8.745253,-8.7453125,-0.6700625,-103.595761875,-9.36484875,9.3648125,0.77275,-64.24912499999989,-0.1452183125000004,0.14506250000000007,0.0050625,-35.659023124999855,-0.1745618750000002,0.1744999999999994,0.002625
ACCTT,2.2421082434778197,0.8367939921524103,0.427525854569995,-5554.935265625,42.570035,8.7384065,-8.7385,-0.6468125,-93.64719562500007,-9.3561205,9.355875,0.7843125,-63.63849062500004,-0.15413118750000032,0.154,0.012750000000000013,-36.74480812500006,-0.1970072500000002,0.1968125000000001,0.0060625
ACTAA,-3.508528367905459,0.7805110895659452,0.7523484796532887,-5545.54175375,59.4993,8.880574687500001,-8.8805,-0.6670625,-88.2224893749999,-9.3459524375,9.3461875,0.8308125,-115.649894375,0.033996187500000115,-0.03400000000000014,-0.001875,29.950900624999793,-0.10699975000000012,0.10712499999999996,0.0072499999999999995
ACTAC,-2.0294900568427217,0.19683093523600306,-0.3801618307827281,-5549.604595,50.2465825,8.7679073125,-8.768,-0.6891875,-95.7033575000001,-9.437649,9.437625,0.7881875,-115.97497124999994,0.0014924374999999686,-0.0016874999999998755,-0.0015625,29.918887499999983,-0.035840312500000304,0.03581250000000025,0.004624999999999994
ACTAG,-3.256259330031788,1.2699193389385595,0.43945842253585327,-5548.2804587499995,64.166940625,8.8484155625,-8.8485,-0.685875,-94.73058999999988,-9.4359616875,9.4358125,0.84125,-116.21534374999993,0.035372249999999876,-0.03543749999999992,-0.00175,30.473848750000005,-0.07790993749999985,0.0777499999999998,0.008812499999999968
ACTAT,-3.1297086032698265,1.4145964366503128,0.4310333481259457,-5546.3348875,52.372725625,8.86900075,-8.869125,-0.6815625,-89.46054312500004,-9.431056,9.430875,0.811625,-115.80980625,0.048260687500000204,-0.04837499999999985,-0.002,28.867815624999995,-0.117997125,0.11793750000000004,0.003875
ACTCA,-1.626937828617288,1.3813809640391421,-0.8543971360172087,-5549.56994125,51.422786875,8.7884434375,-8.7884375,-0.683125,-94.94972250000014,-9.3857945625,9.38575,0.796625,-116.94518749999975,0.013733187500000063,-0.013749999999999912,0.00031249999999999995,28.796647500000173,-0.16236393749999986,0.16231250000000008,0.006
ACTCC,-1.067591278704975,1.440519680732006,-1.0297237931811873,-5547.0080025,41.045709375,8.7344815,-8.7344375,-0.65425,-98.61221562500015,-9.484285,9.4843125,0.7956875,-117.64101499999994,-0.010797562500000074,0.010812499999999775,-0.00012500000000000006,29.39957437499987,-0.09654781250000037,0.09668750000000012,0.012124999999999988
ACTCG,-0.2022147087477066,-0.015288148683155471,-2.8385137500890343,-5564.63144125,48.33813125,8.71013075,-8.7101875,-0.6865625,-103.17983499999997,-9.333214625,9.333125,0.7614375,-117.84362625,-0.0035123124999999434,0.0034375000000002004,0.0038125000000000125,27.7560699999999,-0.16004768750000023,0.16012500000000046,0.012687500000000013
ACTCT,-1.8468219380986843,0.8894150197675011,-0.12410509361413721,-5549.586680625,40.18515875,8.813937375,-8.814,-0.682375,-93.74009874999993,-9.420530124999999,9.4203125,0.8094375,-114.88635687500006,-0.014544062499999962,0.014437499999999544,-0.001375,27.904826875000026,-0.1065195625,0.10656249999999963,0.004812500000000001
ACTGA,-1.8290684368235062,0.7708053483622471,-0.9916758983423208,-5555.216089375,57.02118875,8.809910125,-8.81,-0.6764375,-96.55646,-9.3884045,9.3883125,0.7849375,-115.57233062500012,0.012403187500000027,-0.012437500000000212,-0.0024375,27.576090624999964,-0.13338756250000006,0.13331249999999992,0.0093125
ACTGC,-2.112259849730635,-0.9577788241720023,-1.5145242590952088,-5562.42576625,44.72298,8.8419658125,-8.8420625,-0.64325,-106.72686812499971,-9.3517734375,9.351750000000001,0.7851875,-116.79467749999993,0.058568312499999685,-0.05868750000000023,-0.0021875,27.242686250000027,-0.09006743749999985,0.08999999999999983,0.011937499999999988
ACTGG,-0.9803274885583713,0.3413357232641226,-1.4298087866111997,-5565.39377875,55.712435,8.777253312500001,-8.77725,-0.676125,-103.42283062499996,-9.42635825,9.4264375,0.789,-115.86351187500006,-0.00014468750000006924,0.00012500000000026292,-0.0014374999999999876,27.00628937499988,-0.10735774999999985,0.10737500000000012,0.0044374999999999935
ACTGT,-2.1370700849773456,-0.12140281528881157,-0.7037479044937199,-5560.30420375,46.989265625,8.847137375,-8.847125,-0.6539375,-98.57034187500015,-9.3193606875,9.319375,0.8261875,-115.49880937499994,0.023211437500000008,-0.023187500000000204,-0.0020625,27.51313812500002,-0.12848312499999978,0.12843749999999993,0.00899999999999998
ACTTA,-2.629123194523456,1.6069984662858827,-0.37227486074571575,-5547.95599,58.702973750000005,8.84704325,-8.8470625,-0.68625,-88.19230437499994,-9.3820785,9.382125,0.78875,-120.66202312499993,0.02469237500000007,-0.024812499999999894,-0.0010625,30.891290000000033,-0.16928774999999968,0.16918749999999996,0.008562499999999989
ACTTC,-2.361106730010088,-0.6173887800427407,-0.7793662067600253,-5552.655678749999,44.18026625,8.8040494375,-8.8040625,-0.65475,-94.62512999999987,-9.343880625,9.3439375,0.7890625,-121.69793937499988,0.008646062500000206,-0.008687500000000188,-0.0014375,30.85421437500015,-0.0601551874999999,0.060187499999999845,0.013249999999999993
ACTTG,-2.2324475603462615,-0.3115385113867067,-0.8626972786864924,-5553.98144875,57.216113125,8.8324479375,-8.832375,-0.6673125,-97.76587375000014,-9.3120498125,9.31225,0.77625,-121.62974625,0.016552499999999856,-0.016375000000000018,-0.0016874999999999876,31.034958749999863,-0.1148649375,0.1149999999999997,0.006125
ACTTT,-2.9693359671187984,1.3753785554629057,0.15908989353458752,-5543.9954675,51.71634625,8.86933475,-8.8691875,-0.704,-89.12367374999995,-9.364146875,9.3645,0.8103125,-119.90570437500007,0.012504312500000043,-0.012312500000000275,-0.00125,29.846156249999982,-0.15397637500000014,0.15412499999999976,0.0073750000000000005
AGCAA,0.5785219973191912,-3.934965828016883,6.166924701246352,-5549.86318125,49.610125625,8.8837089375,-8.8836875,-0.6401875,-96.833200625,-9.3343445,9.33425,0.8051875,-64.33591500000006,-0.14022662499999994,0.1401249999999999,0.1584375,-40.89827312500006,0.023602187499999976,-0.023687499999999837,-0.0012499999999999874
AGCAC,0.922513515918579,-3.8392888860363,2.351454095306143,-5559.73077875,38.033203125,8.782586437500001,-8.782625,-0.6650625,-104.45594499999984,-9.30190225,9.302,0.767375,-63.61916750000002,-0.03375949999999984,0.033687499999999766,0.1004375,-41.26553499999988,-0.01821299999999982,0.018187499999999787,0.0005
AGCAG,0.6867051084465391,-3.6208888631744482,3.9339784407055594,-5560.3660925,52.815599375,8.8506635625,-8.8505625,-0.671625,-104.72044437499997,-9.3421308125,9.3423125,0.8015625,-63.51387312500002,-0.12889862500000018,0.12899999999999984,0.10425000000000004,-41.327941249999974,0.020534124999999726,-0.02056250000000015,0.000875
AGCAT,-0.027198576425166782,-3.890110643909902,3.7205722302130857,-5559.9831175,39.90784625,8.89003725,-8.8899375,-0.6651875,-99.42053750000001,-9.30756825,9.3075625,0.7915625,-64.57815249999987,-0.09103893749999982,0.09112500000000008,0.08993749999999999,-42.766298125,0.007243000000000213,-0.0070625000000001876,0.00075
AGCCA,2.4740504266529997,-1.0787049264076336,2.722692455755551,-5557.1843499999995,34.26446375,8.761391937500001,-8.7614375,-0.655125,-101.20983249999996,-9.4190290625,9.4190625,0.8080625,-62.949938124999846,-0.15780124999999987,0.1577500000000003,0.09681250000000001,-40.25084812499989,-0.09782606250000003,0.09775,0.005374999999999987
AGCCC,3.1220388621405952,-0.8207235878762751,2.1100310074777546,-5550.7141175,25.63053875,8.708817875,-8.7088125,-0.648625,-104.49422187499998,-9.4588941875,9.4589375,0.7705,-63.94021062499997,-0.12821712499999988,0.12831249999999986,0.10687500000000001,-38.97612562500001,-0.11237287499999978,0.11249999999999998,0.004437500000000006
AGCCG,3.035098926132618,-1.7168201108948717,1.0910825085966445,-5555.1172,38.514778125,8.707431375,-8.707374999999999,-0.6845625,-109.09879062499988,-9.35964425,9.35975,0.7448125,-63.46797687500009,-0.13537850000000015,0.13531250000000009,0.0895,-39.30100499999992,-0.11840875000000013,0.11856249999999995,0.004125000000000006
AGCCT,2.542368506328242,-1.2126584522335209,2.138043904208826,-5550.030399375,29.180005625,8.7578616875,-8.757875,-0.6438125,-99.69405,-9.36316725,9.3631875,0.7680625,-62.87400749999988,-0.15832218750000018,0.1582500000000001,0.077875,-39.95110687499998,-0.12266962500000002,0.12262500000000004,0.0030625
AGCGA,2.723083132054323,-0.25062744106207435,0.39269283587965875,-5552.02349875,49.14689875,8.7040160625,-8.7039375,-0.6651875,-103.341215625,-9.3740859375,9.37425,0.7575625,-62.515861874999985,-0.19826893750000013,0.19837499999999988,0.028937500000000026,-40.61139312499989,-0.12271675,0.12293749999999991,0.012375
AGCGC,2.158113536238901,-2.582959956869715,0.20233709204279612,-5562.733493125,35.08020125,8.8056949375,-8.805625,-0.645625,-112.45375999999987,-9.318280375,9.31825,0.7229375,-63.24100187499994,-0.13271293750000002,0.13262499999999994,0.03356250000000001,-39.680849374999866,-0.09938225000000003,0.099375,0.0043125
AGCGG,4.352503157811986,0.34779855351818006,-0.5748166542577243,-5563.915265625,48.416941875,8.648288625,-8.6483125,-0.65925,-109.65728374999993,-9.466164625,9.466,0.7429375,-62.189496875000074,-0.22267718749999987,0.2224999999999998,0.022437499999999992,-39.3308649999999,-0.14105712499999962,0.1408125000000001,0.004124999999999993
AGCGT,3.2192272021346318,-2.5715126587304535,1.3688236353255099,-5563.986240625,35.038395,8.7659423125,-8.7659375,-0.6381249999999999,-106.38167437500032,-9.3209144375,9.320875000000001,0.74525,-63.65724437500012,-0.2063273125000002,0.2063125,0.06425000000000002,-41.97255875000014,-0.09494981250000004,0.09500000000000022,0.0008125000000000001
AGCTA,-0.2947631352213555,-3.621038175077394,4.267749802988182,-5563.4883924999995,38.255263125,8.926082375,-8.926187500000001,-0.661625,-95.85368124999982,-9.33782875,9.337875,0.799625,-70.31448312499992,-0.06597968749999991,0.06587499999999993,0.11643750000000001,-39.25980499999997,-0.01987024999999986,0.01981249999999976,0.0019374999999999811
AGCTC,1.818037085366744,-4.564585417841183,2.846019491456827,-5572.889974375,25.27293125,8.80330425,-8.80325,-0.6339375,-101.67241937500012,-9.3140261875,9.314125,0.7678125,-70.46268937499997,-0.05244650000000018,0.05243749999999991,0.1453125,-39.8482912500001,-0.0418480000000001,0.04187500000000022,0.00125
AGCTG,0.8513228254252517,-4.334629842092831,2.1161152034848163,-5575.9384981250005,36.45089125,8.8733454375,-8.8734375,-0.6719375,-104.83123624999992,-9.318335375,9.318125,0.7508125,-69.95453187499999,-0.06376612500000012,0.06362500000000024,0.09575000000000002,-39.09876499999996,-0.0343179374999999,0.03431249999999986,6.25e-05
AGCTT,0.30585071130987274,-3.8219480399790644,2.5479887920068496,-5563.093153125,28.571445625,8.884106125,-8.8840625,-0.661125,-95.60201500000008,-9.246271875,9.246437499999999,0.7685,-68.02904749999999,-0.09029862499999987,0.09037500000000026,0.07925,-38.884880624999994,-0.05983087499999993,0.05981250000000012,0.004625
AGTAA,-2.3659454408079075,1.5047715538216344,0.15121211539347,-5547.3880312500005,52.22381625,8.8326211875,-8.832625,-0.6588125,-87.47294312500009,-9.436860875,9.43675,0.808875,-116.72369625000006,-0.02641156249999999,0.026375000000000027,-0.006187499999999999,28.536086249999762,-0.10649425000000004,0.10662500000000018,0.012874999999999987
AGTAC,-1.7957036403149198,-0.5641168838497442,-0.8990497467895477,-5553.570138125,40.53335875,8.7724063125,-8.7723125,-0.67375,-95.24687249999988,-9.393527562500001,9.393625,0.7745625,-116.88191999999994,-0.012817500000000107,0.01281249999999975,-0.0016875,28.270404375,-0.03935456250000003,0.039374999999999695,0.011187499999999994
AGTAG,-2.169906026107289,1.4160913082130873,-0.1623864071802563,-5549.948223125,57.235744375,8.82401075,-8.8239375,-0.67825,-94.3229662499998,-9.4679193125,9.4679375,0.802125,-117.17901249999994,-0.021270749999999908,0.021437499999999894,-0.0026875,29.59229812500007,-0.09476662499999976,0.09487500000000001,0.011812500000000007
AGTAT,-2.426211701695512,1.0723578809159586,0.21882838499044563,-5548.458286875,41.694335,8.854024375,-8.854,-0.658,-88.86964437499995,-9.415762125,9.4159375,0.815125,-116.92320437499994,-0.01673712500000047,0.016812500000000112,-0.0035625,28.111550625000056,-0.11093562500000054,0.11087500000000007,0.0111875
AGTCA,-1.4152671895608966,0.9962067465229494,-1.2736637716867965,-5548.442031875,41.72704625,8.77984675,-8.779937499999999,-0.6715625,-94.67066062499995,-9.3734786875,9.3734375,0.7836875,-116.934603125,-0.014615999999999957,0.0145000000000003,-0.0011875,27.91200312500012,-0.1523289374999999,0.15237500000000007,0.015812500000000007
AGTCC,-0.3946219312397859,0.8589850812856848,-1.782684737348155,-5550.270271875,28.996816875,8.71579975,-8.715875,-0.6331875,-98.25544374999994,-9.4204093125,9.42025,0.7801875,-118.33326624999981,-0.022435499999999595,0.022375000000000027,-0.0011875000000000125,27.749036250000138,-0.1276212500000001,0.1275624999999997,0.014937500000000001
AGTCG,0.08610049935638707,0.0223821468955463,-2.6543931175112223,-5557.55488625,43.0394625,8.7076488125,-8.707625,-0.6830625,-103.20561499999987,-9.336019875,9.3359375,0.7378125,-117.54902375,-0.022361000000000186,0.02250000000000006,-0.0006875,27.455124375000032,-0.16130268750000015,0.1612500000000002,0.006687499999999987
AGTCT,-1.736613836384182,-0.17529700458700515,-0.648091453335223,-5549.9858325000005,29.698859374999998,8.8071565,-8.80725,-0.681375,-93.42145125000036,-9.3402158125,9.340125,0.7895625,-115.44073875,-0.016259437500000026,0.016062500000000427,-0.0013125,26.832257499999905,-0.10771049999999996,0.10775000000000018,0.0076875
AGTGA,-1.8160105063640812,1.0326675301052053,-0.5719129347152732,-5548.033804375,52.7815325,8.814194125,-8.8141875,-0.676625,-95.93030125000013,-9.4195140625,9.419625,0.7775,-116.48334812500012,-0.01172712499999995,0.011687499999999962,-0.0033125,26.930697500000075,-0.11994637500000015,0.11987499999999993,0.0085
AGTGC,-1.470757681911557,-1.7649338092359885,-1.6595270303653515,-5566.933111875,36.475776875,8.8519651875,-8.8518125,-0.6505,-106.19892687499997,-9.3437259375,9.344,0.7551875,-116.97187499999994,-0.008530187500000345,0.008687500000000181,-0.00043750000000000624,24.964964999999992,-0.07431724999999975,0.07456249999999984,0.014124999999999993
AGTGG,-0.8642047707715053,1.1230163313712014,-1.455730708079573,-5557.941069375,53.1697625,8.77904775,-8.779125,-0.671,-103.18543437500009,-9.5007428125,9.500625,0.7684375,-117.01346250000013,-0.035231437499999914,0.03518750000000037,-0.002125,26.723940624999955,-0.10451856249999981,0.10450000000000012,0.013937500000000012
AGTGT,-1.9712988057504888,-0.6162164975253145,-1.1242698744868842,-5556.741960625,40.422228125,8.849585625,-8.8495625,-0.6360625,-98.9169231249999,-9.3104836875,9.3103125,0.785875,-116.18888624999988,0.005320749999999874,-0.005250000000000206,-0.0035,26.36842062500012,-0.11952587500000003,0.11968750000000009,0.016
AGTTA,-2.431828619324889,1.2008208557748647,-0.4099605754741165,-5549.111349375,47.773776875,8.8419250625,-8.8419375,-0.669875,-86.9279893749998,-9.4193809375,9.4193125,0.78825,-123.68744812499982,-0.03523712500000009,0.03531249999999996,-0.0011250000000000001,29.751785625000075,-0.11878950000000006,0.11887499999999997,0.02100000000000002
AGTTC,-2.380231260592833,-0.8662187806675793,-0.6576846703620032,-5544.97769375,36.070271875,8.7992985625,-8.7994375,-0.642875,-93.06760499999994,-9.301078875,9.301,0.7915,-121.221093125,-0.024398312499999887,0.0241875,-0.001,29.579411875000005,-0.054602125000000216,0.054375000000000034,0.021500000000000012
AGTTG,-1.9409925237309509,-0.9144948258255907,-1.0473572257792148,-5554.140458125,48.267068125,8.8350696875,-8.8350625,-0.67525,-96.43748000000002,-9.316099,9.316,0.7453125,-124.38031062499994,-0.03235393750000004,0.032437499999999904,-0.0009375,29.88190000000002,-0.09156531249999984,0.09168749999999964,0.010687499999999987
AGTTT,-2.3779254342169276,-0.03327668409553336,-0.31862986584442043,-5544.228511875,38.942966875,8.83208225,-8.8321875,-0.6809375,-87.95033187500002,-9.296909625,9.2966875,0.786125,-121.443036875,-0.039863375000000256,0.03981250000000003,-0.0013125,28.768649375000063,-0.11522124999999975,0.11512499999999988,0.0145
ATCAA,0.7943910134962353,0.28813009859446936,3.039228258276293,-5548.1693187500005,59.6081175,8.8007338125,-8.80075,-0.656125,-89.6909374999999,-9.3149866875,9.315,0.8476875,-60.08248374999994,-0.14907200000000032,0.14906250000000004,0.035,-40.03066374999998,-0.13232856250000014,0.13231250000000006,-0.0006249999999999999
ATCAC,0.17447725006709033,-1.1742165482017908,1.7663116958929512,-5554.107965625,48.1305775,8.7547435625,-8.75475,-0.6626875,-97.47523062500011,-9.33911075,9.3390625,0.8322499999999999,-60.46558250000004,-0.04122050000000011,0.04124999999999967,0.0271875,-40.73036250000013,-0.044408437499999766,0.04437500000000005,0.00125
ATCAG,1.09114043824446,1.0330957189907695,2.34832658012384,-5554.64442125,62.157962500000004,8.791653875,-8.7916875,-0.67875,-96.6894800000002,-9.370289375,9.37025,0.8714375,-59.68775187500005,-0.1537011874999999,0.15356249999999988,0.021812500000000002,-40.2808250000001,-0.14559537500000022,0.14556249999999984,0.001
ATCAT,1.8133972213401368,2.2841660629914333,2.3585999824926027,-5550.132971875,51.031954999999996,8.774591875,-8.7745,-0.6541874999999999,-90.62785499999995,-9.4472780625,9.447625,0.852375,-60.38566625000004,-0.17934299999999978,0.1793749999999999,0.021750000000000002,-40.475756250000025,-0.18521349999999956,0.18531250000000016,0.0016250000000000001
ATCCA,2.566031591283447,2.657588414410038,1.6057042050293249,-5547.810250625,49.1198475,8.7133105,-8.7133125,-0.6673125,-93.57545437499984,-9.4881584375,9.488,0.8236875,-59.70349312500014,-0.1762018749999998,0.1761874999999998,0.022375000000000006,-40.065708124999965,-0.1928281874999999,0.1927500000000002,0.0005625000000000001
ATCCC,2.4495080330159182,2.4685202943545392,1.5654948733379928,-5545.74087375,36.803690625,8.6848513125,-8.684875,-0.62525,-96.31338000000008,-9.5595738125,9.559625,0.830125,-60.28381937499995,-0.13276056250000007,0.13281249999999994,0.018875000000000013,-39.60087937500005,-0.13283912499999997,0.13281250000000006,0.0006875
ATCCG,2.5040094694350135,1.0466817697278883,0.43936168387360175,-5551.47344,50.49239875,8.6815180625,-8.681625,-0.67675,-102.21099125000003,-9.4208755,9.4208125,0.7966875,-60.04600687499999,-0.14665968750000005,0.14662500000000012,0.016875,-39.74169999999998,-0.14775387499999973,0.14768750000000003,0.004
ATCCT,2.8986029904301285,2.7703153602396235,1.3684622180359693,-5551.54250125,38.87721375,8.7021179375,-8.702125,-0.6616875,-92.56476749999995,-9.5057468125,9.505625,0.832,-58.9118274999999,-0.1771728125000002,0.1770625,0.021187500000000012,-40.58168875000007,-0.20151375000000007,0.20156249999999987,0.0011250000000000001
ATCGA,2.8581368140397405,0.7039949995158125,0.8914533557827113,-5549.02973625,58.145194375,8.66079425,-8.6608125,-0.669,-95.65288812499999,-9.310868125,9.310875,0.806875,-58.62047187499997,-0.2080124374999998,0.208125,0.019500000000000014,-39.71686124999996,-0.16393525000000012,0.16387499999999988,0.00375
ATCGC,3.857249234159215,1.3517442407756504,0.2208426862403288,-5554.992556875,44.92459125,8.6956910625,-8.6956875,-0.635875,-105.05421312500003,-9.3625173125,9.3625625,0.806,-59.515197500000056,-0.21468393750000025,0.21462499999999968,0.021312499999999998,-39.87669375000006,-0.23595312500000012,0.23587499999999986,0.0056875
ATCGG,3.1078152726514783,1.0399249814990803,0.004294057447168525,-5556.44543,59.105670625,8.6566469375,-8.6565,-0.661625,-102.01021624999987,-9.408781874999999,9.4089375,0.7943125,-58.24945624999986,-0.20071112500000027,0.2009375000000001,0.011500000000000007,-39.46955187499992,-0.14650699999999986,0.14681250000000023,0.011375000000000007
ATCGT,3.871233158415477,0.6234579069175726,1.090375221146907,-5560.288814375,45.82683375,8.6662770625,-8.6663125,-0.6411875,-98.59100562499982,-9.3778993125,9.3778125,0.825625,-59.54160374999992,-0.2441655,0.2441875000000001,0.029312500000000016,-40.82807312500001,-0.15913299999999966,0.15906249999999997,0.0005625000000000001
ATCTA,-0.30714849926074217,0.05422101906750597,2.834566797382502,-5551.41603,52.31022125,8.86656775,-8.8665,-0.656875,-87.37621562500004,-9.3709680625,9.3710625,0.8285625,-66.82421750000009,-0.11336874999999999,0.11350000000000009,0.043062499999999976,-38.674041250000066,-0.11294437500000018,0.11306249999999991,0.014374999999999987
ATCTC,-0.2512888624976446,-1.2315001549886255,1.875789259304217,-5556.2237975,37.9444325,8.8333186875,-8.8331875,-0.62825,-93.42828250000004,-9.3572264375,9.3574375,0.817,-66.63137937500011,-0.05703150000000013,0.05731250000000013,0.03506249999999998,-38.62255687500022,-0.0645230000000001,0.0646249999999999,0.014312499999999988
ATCTG,0.42347317355050973,-0.7996821867993452,1.2923486174809136,-5561.749199375,50.15067875,8.8495743125,-8.8495,-0.6688125,-97.34481187499992,-9.3777084375,9.3778125,0.7785625,-66.89928750000007,-0.10455587500000005,0.10449999999999954,0.015750000000000007,-39.836700625000226,-0.09899856250000011,0.09899999999999967,0.0044375000000000005
ATCTT,0.8319949834003181,1.3486791139942202,2.0651742046297543,-5547.897228125,44.268040625,8.81394875,-8.814,-0.6564375,-87.05907374999992,-9.3925951875,9.3926875,0.821625,-64.19006812499994,-0.14527187499999994,0.14518750000000027,0.020375000000000008,-39.085658124999895,-0.1729875000000001,0.172875,0.0085
ATTAA,-4.316703449217277,0.25941935548932094,1.7575481777514321,-5542.079843125,64.911084375,8.910442625,-8.9103125,-0.659,-80.60974812500018,-9.3163423125,9.316375,0.8309375,-114.77182812499974,0.03068231249999988,-0.03062500000000026,-0.0006874999999999875,29.22806249999992,-0.06655806249999989,0.0666875000000004,0.0053124999999999934
ATTAC,-2.3915747131843728,0.49196119026068014,0.1872059892662205,-5546.886849375,52.0045725,8.7624406875,-8.7625,-0.681625,-87.90395312499996,-9.425504625,9.425437500000001,0.808125,-114.79735937499987,-0.00220099999999975,0.0021874999999998753,-0.001,29.254424375000045,-0.03039962499999992,0.03031249999999996,0.0063749999999999935
ATTAG,-4.1624028758188345,0.6335553252213167,1.377558114358052,-5545.19828875,67.24180125,8.8848615625,-8.885,-0.68025,-87.78821312499988,-9.3695495625,9.369625,0.849375,-115.16545250000006,0.05399274999999983,-0.05412500000000027,-0.0022500000000000003,29.642309375000067,-0.05730556250000023,0.05712499999999986,0.003125
ATTAT,-3.9491974632291953,0.6990317503662637,1.408298344410922,-5547.6344687499995,55.255335,8.9036080625,-8.90375,-0.6720625,-82.03935874999996,-9.3625299375,9.3625,0.841,-114.39031624999987,0.04656887499999968,-0.04662500000000001,-0.0010625,28.466427500000126,-0.0892845000000002,0.08918749999999975,0.0023749999999999752
ATTCA,-1.7670199334753416,1.7078369315951556,-0.002526363797268569,-5544.086701875,53.776146875,8.7695084375,-8.769562500000001,-0.6595625,-87.83686999999992,-9.374234875,9.37425,0.823125,-114.86831750000013,-0.003236000000000013,0.0031249999999999317,-0.001,28.352490624999973,-0.14555468750000006,0.1456249999999998,0.00425
ATTCC,-0.7806500186878969,2.543387272109846,-0.5097818286356964,-5544.06414875,40.92433375,8.69594925,-8.6959375,-0.634,-90.93213874999988,-9.4770480625,9.477,0.8370625,-116.09670812500006,-0.011153250000000444,0.011124999999999819,-0.0011250000000000001,29.029849375000087,-0.1336437500000004,0.13368749999999963,0.007124999999999999
ATTCG,-0.7802924136953258,1.3099188736432266,-1.344617312478748,-5548.02084875,55.715049375,8.699862375,-8.699875,-0.685875,-95.98656000000001,-9.3596101875,9.35975,0.7946875,-114.89294375000006,-0.008831749999999944,0.008687499999999975,-0.0009374999999999875,28.547007500000124,-0.15151231249999983,0.15149999999999983,0.00475
ATTCT,-2.011927304766137,1.0376735379560023,0.06814235184287058,-5549.175285,41.031638125,8.783063875,-8.783,-0.66925,-86.19835062500027,-9.3534151875,9.3533125,0.8411875,-113.30665000000006,0.007728312500000394,-0.00768749999999995,-0.0011874999999999876,27.280043749999894,-0.1273245624999997,0.12743749999999998,0.00375
ATTGA,-2.935227164015913,0.45077870344047033,0.22729079701534238,-5544.670834375,63.585000625,8.8326575625,-8.83275,-0.6711875,-89.16692562499992,-9.3072730625,9.307125000000001,0.807125,-114.01151624999994,0.02526356250000018,-0.025312499999999714,-1.0842021724855044e-19,27.72729437500004,-0.11233962499999986,0.11218750000000001,0.007312499999999994
ATTGC,-3.554616804980733,-1.4684278923680976,0.11077384938500663,-5549.37921,52.02535625,8.885324125,-8.8853125,-0.6640625,-98.50830500000016,-9.2880710625,9.287875,0.7976875,-114.57336125000032,0.05348193749999999,-0.05343750000000032,0.0007500000000000251,28.085526874999857,-0.04089106249999976,0.04087499999999978,0.008999999999999982
ATTGG,-1.9336870746551393,1.3948357905655586,0.36029910487808214,-5547.73924125,67.174141875,8.7927171875,-8.79275,-0.66325,-96.82293250000001,-9.4150895625,9.4150625,0.8376875,-113.86974437500007,-0.011707312500000023,0.011499999999999719,-0.00075,27.753442500000013,-0.09691225,0.09693750000000009,0.0024999999999999875
ATTGT,-3.4267923202704527,-0.7728513794553714,1.051349246302809,-5552.156721875,53.347137499999995,8.88236975,-8.882375,-0.6546875,-92.29044375000004,-9.2443291875,9.244375,0.872625,-113.46288562500006,0.026388625000000155,-0.02643750000000037,-0.0010625,27.371879999999976,-0.07286974999999993,0.07281249999999989,0.0023124999999999873
ATTTA,-4.712318009573274,-0.26221397414823816,1.9102704104750248,-5537.022010625,61.182473125,8.916650125,-8.916625,-0.661375,-80.27762249999996,-9.2796894375,9.27975,0.8269375,-119.48494187499988,0.028184250000000136,-0.028187499999999806,-0.0031875,30.402467500000167,-0.04424081250000016,0.044250000000000206,0.004812499999999988
ATTTC,-3.2863291872780676,-0.14000066679911946,0.8880610865778599,-5541.7818800000005,47.620946875,8.8153674375,-8.8153125,-0.64825,-86.9275231250001,-9.2970803125,9.297062500000001,0.8570625,-119.09570625,0.006767000000000075,-0.006562500000000018,-0.0018749999999999876,30.50379812499995,-0.044580062500000024,0.04468749999999977,0.008812500000000001
ATTTG,-4.146778064757642,-1.4234532652560234,0.7837422573230286,-5542.095700625,61.175848125,8.89785,-8.89775,-0.677625,-90.10731500000014,-9.2176529375,9.217875,0.7961875,-119.28952562500007,0.030518250000000195,-0.030437499999999774,-0.0031875,30.28298749999998,-0.047104624999999574,0.04712500000000045,0.0049375
ATTTT,-4.665923262058226,-0.8483450795997648,1.5638292833128722,-5539.93272875,52.68268875,8.905121625,-8.90525,-0.6783125,-81.73246750000006,-9.225614375,9.2254375,0.843625,-118.86474250000006,0.031049562500000138,-0.031187500000000038,-0.0025,29.030524999999844,-0.04662787499999997,0.04643749999999988,0.006937499999999994
CACAA,0.058263807346094994,-3.555961775137021,1.84920370640231,-5562.054563125,59.56414625,8.853425187500001,-8.8534375,-0.660875,-102.10520250000012,-9.223361125,9.223375,0.7651875,-59.27186437500001,-0.08481681249999963,0.08475000000000002,0.03556249999999998,-41.964611874999996,-0.029231624999999876,0.029250000000000095,0.0007499999999999874
CACAC,1.0728446921604082,-3.705694101657547,-0.3915894718935947,-5569.39488375,48.50579125,8.774003875,-8.774,-0.6755625,-107.64471750000007,-9.2688996875,9.269,0.7028125000000001,-59.54111437499978,-0.04071256250000011,0.0406875000000001,0.027312500000000007,-41.21899749999988,-0.04516556250000015,0.04525000000000001,0.0028125
CACAG,0.35442550819164137,-2.5356290972952227,1.070460354538322,-5566.490254375,63.2512575,8.8357509375,-8.8358125,-0.6791875,-107.22598687499998,-9.2625555625,9.2625,0.7881875,-59.55303500000001,-0.08106912499999985,0.08106249999999975,0.021062499999999994,-41.55417499999998,-0.06323874999999972,0.06318749999999984,0.002
CACAT,2.2988324275906806,-1.4848453699588324,0.7967663398734173,-5566.234448125,50.0255025,8.7841125,-8.784125,-0.6608125,-101.87791124999993,-9.3301665625,9.330125,0.7475625,-60.01589437499996,-0.1520691249999998,0.15199999999999964,0.040624999999999994,-41.87374062500004,-0.13198643749999997,0.13200000000000003,0.0029375
CACCA,3.2035263849437454,0.13040091497475978,-0.08960069087584414,-5563.48655625,50.568694375,8.7208943125,-8.7209375,-0.6774375,-105.75191062500016,-9.38268425,9.382625,0.7614375,-58.5062406250002,-0.17986968750000024,0.17975000000000033,0.016999999999999994,-40.99085750000011,-0.1739303750000002,0.17393750000000008,0.0011250000000000001
CACCC,3.3649004918062553,-0.36896608027247657,-0.38465920410743576,-5564.22986625,38.9165925,8.697467,-8.6975,-0.654875,-108.81773374999983,-9.428060875,9.4279375,0.750625,-59.04741062500006,-0.15545425,0.15543750000000006,0.023249999999999993,-40.45720249999994,-0.13391606249999977,0.13387500000000013,0.00425
CACCG,3.835032969668972,-1.0552844303834605,-1.321678793197711,-5565.451168125,53.139506250000004,8.6649968125,-8.6649375,-0.693875,-113.66995812500006,-9.3628810625,9.362875,0.7005625,-58.844915625000056,-0.16695537499999982,0.16700000000000018,0.020687499999999987,-40.65618999999992,-0.14453668749999987,0.14456250000000043,0.0011249999999999876
CACCT,3.320340737764416,-0.12611953549277594,-0.12331539757744567,-5564.698140625,42.045173750000004,8.716199,-8.71625,-0.67875,-104.49191749999993,-9.3978578125,9.397874999999999,0.7568125,-58.3129131249999,-0.1885815625,0.18849999999999995,0.019875,-42.05432562500005,-0.15846718750000002,0.15843750000000023,0.0033125000000000003
CACGA,3.1164646539863714,-1.068851442973691,-0.5712912887106062,-5567.3187225,57.64341375,8.702301125,-8.70225,-0.674375,-107.66901812500004,-9.3261459375,9.326125,0.7474999999999999,-58.92357062499992,-0.19825149999999994,0.1983124999999998,0.0050625,-40.704943125,-0.12124712499999955,0.12131249999999988,0.0035624999999999997
CACGC,3.1960979851221656,-1.85857848326965,-1.1229286260207456,-5568.45592875,45.384665,8.74661725,-8.746625,-0.652875,-116.61646062499982,-9.303301875,9.3031875,0.7216875,-59.23004437499986,-0.16184831250000006,0.16187500000000007,0.0095625,-40.51054562499991,-0.14385275000000036,0.14381250000000015,0.0043125
CACGG,3.275402678636623,-0.702004456357736,-0.7540316953093437,-5571.375886875,58.64999,8.7026631875,-8.702625,-0.679,-114.41646124999988,-9.35591225,9.3559375,0.776,-58.579382500000065,-0.18332737499999982,0.18337500000000037,0.003875,-40.80117749999994,-0.13141231250000018,0.13149999999999978,0.0021875
CACGT,3.810159967358552,-1.1271201349024855,-1.2084210714079464,-5570.3285325,47.75655625,8.7013303125,-8.7011875,-0.6710625,-108.52820750000006,-9.3366723125,9.336625,0.714375,-58.90126812500006,-0.20954506249999993,0.20968750000000025,0.010312499999999981,-41.12963750000006,-0.15570612500000008,0.1557499999999999,0.0060625
CACTA,-0.429494810645416,-1.2380889856180786,1.09764118266542,-5562.9993225,56.029995,8.8695435625,-8.869625,-0.679,-99.37958749999996,-9.3754754375,9.37525,0.7755,-61.54006187500005,-0.05505768750000011,0.05487499999999994,0.011437499999999988,-40.11774687500002,-0.06955568749999982,0.06943750000000003,0.008999999999999994
CACTC,0.24424203454090587,-2.3031106280220808,0.36422160720779206,-5563.21265375,43.878935,8.8249816875,-8.825000000000001,-0.6644375,-104.55121187500005,-9.342651125,9.3426875,0.750625,-62.030606250000005,-0.05380449999999994,0.05368749999999953,0.015625,-39.66047375,-0.048809687500000115,0.04874999999999974,0.009750000000000007
CACTG,1.039446863417906,-2.220700683747276,-0.11022401413493572,-5567.32826375,54.999905,8.820391875,-8.820375,-0.6745625,-107.50537437499995,-9.3130173125,9.313,0.723625,-61.26961750000004,-0.08774993749999982,0.08781250000000006,0.007187499999999994,-39.41803624999995,-0.08885200000000001,0.08887500000000013,0.0019375
CACTT,0.85979794768725,-0.18109236837027382,0.7854861239223093,-5554.621804375,52.00563375,8.8142806875,-8.81425,-0.682375,-97.82611250000005,-9.3727629375,9.3728125,0.7525625,-61.322137500000004,-0.10877718749999982,0.10887499999999986,0.005062499999999999,-39.45282000000008,-0.13109268749999983,0.13106249999999997,0.0021249999999999997
CATAA,-3.7620702386290787,-1.5568850282236117,-0.11081791368659602,-5553.1948,63.8881375,8.8941550625,-8.8940625,-0.683875,-91.05702687500013,-9.286693999999999,9.2868125,0.76075,-116.29587312500018,0.024107874999999883,-0.02400000000000012,0.0005000000000000125,25.315730625000015,-0.036187062500000144,0.03631249999999998,0.0166875
CATAC,-1.786356365485829,-0.6200926741499836,-1.453267825724195,-5554.701069375,53.387203125,8.77682325,-8.776875,-0.692375,-98.47655812499983,-9.4287736875,9.428625,0.723125,-115.79035562499982,-0.0015191874999998813,0.0014375000000000683,-0.000875,25.589766250000082,-0.035565750000000174,0.03537499999999982,0.013812499999999993
CATAG,-3.3729941400442582,-0.6101288847914423,-0.18996399779602396,-5557.911970625,66.43083125,8.868657125,-8.8686875,-0.6999375,-97.28528125,-9.404499,9.4045625,0.781,-116.21472250000006,0.047660124999999595,-0.04774999999999994,-0.0009375,26.206252500000062,-0.027179375000000224,0.02724999999999989,0.008499999999999994
CATAT,-3.536940046047066,-0.8301864103339059,-0.11431949434163151,-5556.2174025,54.658820625000004,8.9006273125,-8.9005,-0.6814375,-91.75175312500006,-9.4060735625,9.4061875,0.752125,-115.20588875000007,0.051024062499999884,-0.05093750000000009,-0.0003125,24.63426249999987,-0.03515693750000002,0.03518750000000014,0.011374999999999988
CATCA,-0.6472613362575972,1.2363448140394266,-2.2843190360624392,-5556.785475,54.74583125,8.7501623125,-8.75025,-0.6908125,-99.04295437499994,-9.4305706875,9.4305,0.7405625,-114.95125562499969,-0.01815618749999993,0.01806250000000012,-0.0006875,24.321290625000074,-0.1641835625000002,0.164125,0.017749999999999967
CATCC,0.6192764027978188,2.4964105786444484,-3.0102496935940017,-5558.7537175,41.167134375,8.674420937499999,-8.6745,-0.670625,-102.0947606249999,-9.574509,9.5745,0.743625,-115.44756999999987,-0.028926687499999933,0.02881250000000001,-0.0008125000000000001,24.282559375000062,-0.16713724999999982,0.16706250000000006,0.020874999999999977
CATCG,0.8216586589775721,0.6162229811069039,-4.018895429798044,-5562.336135,56.628199375,8.653306375,-8.65325,-0.7071875,-107.19499750000001,-9.389615,9.389625,0.6940625,-115.51821687499994,-0.01574699999999963,0.015750000000000045,-0.0005,23.986696875000064,-0.18542093749999983,0.18562500000000007,0.013874999999999957
CATCT,-0.8273073154176762,1.2063738334708132,-2.5848359428038865,-5563.12252125,42.505452500000004,8.75067625,-8.750625,-0.7008125000000001,-97.04030062499986,-9.471247,9.4714375,0.741875,-113.9137575,0.03534724999999972,-0.03524999999999988,-0.0013125,22.369080000000007,-0.1621883124999999,0.1623125,0.014874999999999975
CATGA,-1.9043816448116417,-0.11455599897677532,-1.4300531935405392,-5558.801118125,63.0059225,8.81822875,-8.81825,-0.6914375,-99.59876874999999,-9.39667575,9.396875,0.73775,-115.885435,0.0190423125000001,-0.019125000000000055,-0.0011250000000000001,24.085646875000013,-0.09899624999999991,0.09893749999999976,0.010749999999999987
CATGC,-2.6699833091774683,-2.5103580616387724,-2.0841050993845407,-5564.696856875,49.216035,8.874508875,-8.8744375,-0.6684375,-109.37224812499993,-9.325185,9.325375,0.713,-116.02646687500012,0.08735650000000023,-0.0873750000000002,-0.0019375,23.965760000000056,-0.047252874999999646,0.04737499999999972,0.013812499999999988
CATGG,-0.9929148039604271,0.626830666664486,-1.385289593786394,-5560.80823,64.9703,8.7829195625,-8.782937500000001,-0.6831875000000001,-106.26423812499995,-9.4664885,9.4665,0.7623125,-115.81982562500012,-0.005967062500000226,0.005937499999999587,-0.0011875,24.15625875000005,-0.09940731250000008,0.09931250000000003,0.0051875
CATGT,-2.680334549717512,-1.3872249703333723,-0.963697150326847,-5559.613871875,53.339135,8.8530796875,-8.8530625,-0.6865625,-101.67417374999994,-9.31216775,9.3121875,0.7714375,-116.438395625,0.05693437500000004,-0.056874999999999884,-0.0015625,23.49621687499997,-0.06966262499999994,0.06962500000000017,0.005812499999999975
CATTA,-3.917460929587987,-0.28544163667179756,0.10334594680439141,-5548.462590625,64.318324375,8.901499875,-8.9015,-0.7011875,-90.33712062500005,-9.3883418125,9.3883125,0.749125,-118.55287125000018,0.05351062500000003,-0.05337499999999983,-0.0015,26.955245624999975,-0.0538317499999999,0.05387499999999999,0.009374999999999994
CATTC,-2.609648567474592,-0.6163654552846695,-1.014966493090789,-5551.259875,49.212294375,8.82195325,-8.8219375,-0.676,-96.15716250000014,-9.382006875,9.381875,0.755,-118.716879375,0.013491562500000156,-0.013562499999999925,-0.0014375,26.396186874999955,-0.04862137499999986,0.04868750000000023,0.019062499999999982
CATTG,-3.325636289463183,-2.104982535006818,-1.2243303501598273,-5554.197983125,62.36747375,8.8740969375,-8.873875,-0.7000625,-99.244676875,-9.2821339375,9.2821875,0.711875,-121.22596062500013,0.04319068749999998,-0.042937499999999934,-0.0016250000000000001,27.637824999999967,-0.041849812500000055,0.042000000000000155,0.013374999999999969
CATTT,-3.8941088755349544,-0.816609285588039,-0.03638150847262472,-5552.406994375,52.420825625,8.902136375,-8.9021875,-0.72075,-91.32525312499985,-9.3702261875,9.37025,0.7664375,-117.42880000000007,0.04607931249999996,-0.046062500000000034,-0.0018750000000000001,25.276505625000024,-0.04097699999999993,0.0408750000000001,0.010937499999999994
CCCAA,1.6902934507552763,1.0506286148069401,1.5594336767378805,-5558.922743125,70.0674975,8.7464359375,-8.746375,-0.645625,-103.12563499999995,-9.4531835,9.45325,0.835875,-59.08562124999998,-0.12192231250000007,0.12212500000000033,0.024124999999999994,-39.41711875000005,-0.11857606250000025,0.11862500000000017,0.0020625
CCCAC,1.6229434300639396,-0.2604149934995572,0.3232193796847519,-5555.9860125,61.511748749999995,8.716079375,-8.7160625,-0.6711875,-109.37912500000004,-9.3933314375,9.393437500000001,0.786375,-58.69533187499981,-0.0887004375000001,0.08868749999999971,0.012187499999999999,-38.83401874999993,-0.09127043750000004,0.09125000000000003,0.0015
CCCAG,1.9602957881427838,2.2994720147658736,1.1110865734820012,-5565.090449375,73.63161,8.7319870625,-8.7319375,-0.6673125,-109.77243812500015,-9.5528733125,9.5528125,0.8741875,-58.47587874999999,-0.1235143124999996,0.12356250000000032,0.009125000000000006,-39.635323750000225,-0.12430799999999981,0.12443749999999977,0.0018125
CCCAT,2.582278347240805,3.6619039862583342,1.1723145536044355,-5556.8274025,62.56790625,8.7091290625,-8.7091875,-0.656375,-102.76294437500012,-9.6372691875,9.637125,0.8461875,-59.4988699999999,-0.15455343749999995,0.1545,0.006062499999999988,-39.96857249999999,-0.1567494374999999,0.15668750000000012,0.0014999999999999875
CCCCA,3.0864053038994195,3.2799202760381974,0.8698183879530608,-5554.569036875,63.562076875,8.700482625,-8.7005625,-0.6601874999999999,-106.87808999999996,-9.5936545625,9.593625,0.8209375,-58.01756875000007,-0.16479862499999992,0.16481250000000022,0.0140625,-38.993141249999915,-0.1809018749999996,0.18087500000000012,0.0005
CCCCC,4.083669674233118,4.512492737392207,-0.19110035876266673,-5562.139913125,51.61672625,8.645944875,-8.645999999999999,-0.6413125,-109.14564749999988,-9.7791631875,9.7789375,0.8034375,-60.19704687500002,-0.1570138749999998,0.15693750000000015,0.0032500000000000003,-38.83146187500002,-0.1712318750000001,0.17112500000000003,0.002125
CCCCG,3.220728075986751,0.8001200979452996,-0.3849082811591065,-5567.1743825,61.239723125,8.674733625,-8.674687500000001,-0.666375,-114.66857874999994,-9.4496993125,9.45,0.8115625,-60.015142500000074,-0.14193862499999985,0.14199999999999974,0.0121875,-39.625002500000015,-0.14566656249999974,0.1455624999999998,0.0015625
CCCCT,3.3445633762102,4.477038093513283,0.5523322416579859,-5554.613361875,55.457914375,8.6790798125,-8.679125,-0.6788125,-104.20186125000001,-9.71390625,9.713875,0.81225,-57.86683375000012,-0.16840281249999997,0.16831250000000006,0.005,-39.97298625000013,-0.18234324999999996,0.18237499999999998,0.001375
CCCGA,3.2924139987920067,1.0953394397535081,-0.1537043450856847,-5552.68304125,71.079905,8.6459636875,-8.645875,-0.6741874999999999,-107.23195687499965,-9.388921625,9.389,0.777375,-57.60259374999986,-0.2033830625,0.2035625000000003,0.00375,-38.122919999999915,-0.15350006250000006,0.15356249999999988,0.00375
CCCGC,4.310915139772428,1.9651192111023241,-1.140763791471343,-5558.508718125,57.96778625,8.6540440625,-8.6540625,-0.6343125,-116.79311812499994,-9.453072,9.453125,0.7815625,-58.78419625000003,-0.19244256249999991,0.19256249999999991,0.0045000000000000005,-37.00297625000001,-0.2238638125,0.2238125000000001,0.008437499999999999
CCCGG,3.5006413685734965,1.5530451730496526,-0.22503374132691342,-5563.090569375,67.5463925,8.64726125,-8.64725,-0.668625,-113.47607812499975,-9.485894625,9.4858125,0.8184375,-57.891194999999755,-0.18303374999999997,0.18306249999999985,0.0033125,-37.73126749999988,-0.13698831250000015,0.13693749999999988,0.0018124999999999875
CCCGT,3.880456654456269,1.1916506691237756,-0.5091065896833782,-5563.799941875,60.978245,8.653254875,-8.65325,-0.6435,-109.34993187500012,-9.4587204375,9.458875,0.7831875,-58.51290500000004,-0.20359006250000009,0.20356250000000048,0.0036875,-38.694591874999965,-0.15538431250000023,0.1555000000000001,0.0045625
CCCTA,1.9270232834653103,2.8815490851753904,0.7018459590323708,-5556.444285625,66.12437375,8.7282754375,-8.7281875,-0.670875,-99.9440143749999,-9.5620189375,9.5621875,0.8101875000000001,-62.283126875,-0.12133962500000042,0.12137500000000016,0.005624999999999982,-37.91607125000008,-0.16544593750000036,0.16549999999999987,0.0036874999999999937
CCCTC,2.765598217201579,2.8932944765810613,0.3478288065865842,-5561.553881875,53.570505625,8.704104375,-8.704125,-0.64275,-105.37038625000014,-9.6235869375,9.6235,0.816625,-62.82983625000003,-0.1309809999999997,0.13087500000000019,0.0015,-37.18086499999998,-0.1511458124999999,0.15112499999999993,0.000375
CCCTG,2.7130380469721023,1.533228833891661,-0.36116197448175774,-5561.3360525,62.07200875,8.7015778125,-8.701625,-0.672,-108.18703687500016,-9.4654346875,9.4655,0.7855625,-62.85094750000008,-0.13205237500000028,0.13206250000000017,0.0036875000000000002,-37.268365000000195,-0.17491162500000015,0.1749374999999998,0.0015625
CCCTT,2.5972207654181423,3.83008407434052,0.4404943793201144,-5558.538640625,58.799604375,8.698223624999999,-8.6981875,-0.6618125,-98.55415874999983,-9.6421190625,9.64225,0.8135625,-61.2957468749999,-0.1313516875000007,0.13131249999999978,0.00575,-37.32032874999999,-0.1841486250000005,0.1841874999999999,0.004875
CCTAA,-3.0163131356417217,0.3969651766576472,0.6762517724693734,-5551.362769375,72.45404625,8.863286875,-8.86325,-0.6621250000000001,-96.28296000000002,-9.387704375,9.3876875,0.8265,-116.28036687500006,0.010425624999999872,-0.010500000000000063,-0.0011250000000000001,29.597759374999946,-0.06174500000000018,0.06174999999999986,0.004312499999999987
CCTAC,-1.6392674946046193,0.012780233157206146,-0.6738942400746933,-5558.4918975,63.257046875,8.7748390625,-8.77475,-0.6679375,-102.97051312499997,-9.4544388125,9.4545,0.7891875,-116.80157312499993,0.0004170000000001375,-0.0002499999999997812,-0.001375,28.964139375000176,-0.03255575000000009,0.03256250000000005,0.00375
CCTAG,-2.6448165138885056,1.2751329497445876,0.32624442974080875,-5555.61406375,76.762539375,8.8501831875,-8.850249999999999,-0.6811875000000001,-102.12887749999975,-9.471122,9.471125,0.839,-116.12147250000012,0.0131692499999999,-0.013249999999999844,-0.001375,29.99130500000011,-0.07299231250000003,0.07293750000000009,0.0044375
CCTAT,-2.2240535566064623,1.929303616605422,0.1901063643283233,-5550.9359475,65.293621875,8.8175146875,-8.817625,-0.6850625,-95.49044187499987,-9.50573325,9.5056875,0.818375,-115.07755812499994,0.005549625000000126,-0.005687499999999863,-0.0013125,29.107073125,-0.09467343749999979,0.09456249999999972,0.004125
CCTCA,-0.8968631381934211,1.0494640162476834,-1.8285969207551418,-5563.873801875,64.82707125,8.759860312499999,-8.759875,-0.6578125,-102.575994375,-9.3982851875,9.398249999999999,0.7949375,-118.37440875,0.015993749999999588,-0.015937499999999476,-0.0015625,27.601455625000092,-0.15769675000000005,0.15762499999999993,0.0086875
CCTCC,0.32434153157915613,2.416109049620851,-2.0433004379504713,-5568.64726125,54.1109525,8.717047875,-8.717125,-0.632125,-106.48095,-9.6158899375,9.6159375,0.787,-119.92209625,0.0017933749999997502,-0.001874999999999725,-0.001,27.13784812499995,-0.13659593750000024,0.13643750000000016,0.0054374999999999936
CCTCG,-0.028529169822418824,0.1792884579338062,-2.6393083357527627,-5565.163238125,65.358605625,8.717908375,-8.7178125,-0.6754375,-110.87210750000006,-9.3392519375,9.3393125,0.768875,-117.35101812500012,-0.0006482500000000062,0.0007499999999999185,-0.0010625,27.439471875000105,-0.1610590624999999,0.16118749999999965,0.004375
CCTCT,-0.8639933147586395,2.4496172327988086,-0.5927258800782055,-5561.1910775,53.940262499999996,8.7706948125,-8.7706875,-0.6659375,-101.07461249999979,-9.6055438125,9.6055625,0.8229375,-114.26282187499987,-0.004411624999999925,0.004562500000000144,-0.001375,26.109528125000107,-0.10372437499999983,0.10368749999999989,0.003375
CCTGA,-1.7178071433393078,0.1322032647110407,-1.0109788096609535,-5560.35607875,70.360888125,8.801418,-8.801375,-0.6695,-103.80892062499986,-9.3794014375,9.3793125,0.790125,-116.07993874999994,0.021150624999999874,-0.021249999999999776,-0.0011250000000000001,26.924901250000005,-0.09978956250000004,0.09987500000000038,0.004562499999999975
CCTGC,-0.19898508639614526,0.7968016314488471,-2.5084678569456904,-5571.302756875,58.699609375,8.756224375,-8.7563125,-0.632875,-112.82338874999981,-9.47077875,9.470625,0.7788125,-117.35044375,0.035201687500000294,-0.03525000000000001,-0.00037500000000000635,25.64279999999998,-0.14573524999999984,0.14562499999999998,0.008249999999999988
CCTGG,-1.008635083270193,0.8642655821126225,-1.329617691803038,-5566.9054775,69.83924625,8.7755909375,-8.775625,-0.664875,-110.31669812499987,-9.4773725625,9.4773125,0.8095625,-116.51739687500006,0.01833081250000002,-0.018375000000000013,-0.0010625,26.040226874999988,-0.09803343749999999,0.09800000000000006,0.0035625
CCTGT,-1.2961823520603235,0.48653174363426144,-0.9803638435012366,-5568.274911875,59.04972,8.8006495625,-8.800625,-0.6385000000000001,-105.87069812499989,-9.4260474375,9.4261875,0.8363125,-115.40335374999988,0.020106062499999588,-0.020000000000000233,-0.001375,26.890715000000114,-0.10407387500000036,0.1041875,0.005625
CCTTA,-1.8982107077299697,2.378298241988743,-0.8054638215219325,-5551.0467625,72.5730125,8.7846891875,-8.7846875,-0.6790625,-93.61073625000002,-9.4967130625,9.49675,0.7826875,-120.64163625000006,0.011709937499999712,-0.011687499999999856,-0.0015625,30.11420249999992,-0.1362916250000001,0.1363750000000004,0.010812499999999987
CCTTC,-1.3479937407512281,1.7999251987558245,-0.7736421739551252,-5560.790435625,58.58182375,8.777584000000001,-8.7775,-0.6431250000000001,-100.71310499999998,-9.5556425,9.5556875,0.811875,-121.06722,0.01901456250000009,-0.01893750000000015,-0.0015,30.20198062499992,-0.0903146875000001,0.09037499999999968,0.005062499999999994
CCTTG,-1.5660165085610496,0.251110272993683,-1.4633650565772618,-5560.26874875,68.64483625,8.790075375,-8.7900625,-0.6806875,-104.11512437499994,-9.377303625,9.3774375,0.776875,-122.5083825,0.015537437499999918,-0.015375000000000137,-0.0015625,29.935055625000075,-0.11560693750000002,0.11562499999999998,0.0050625
CCTTT,-1.441635138540512,3.9677176064470268,-0.8023623153487965,-5551.85318375,65.1182575,8.76762675,-8.7675625,-0.6953125,-95.27360312499992,-9.6432820625,9.6433125,0.8033125,-118.65215687499987,0.01079412499999998,-0.010687499999999937,-0.0015,28.535528750000093,-0.14912749999999997,0.14918750000000036,0.011125
CGCAA,1.8090199977571448,-4.120627008804805,1.0829637889575565,-5565.398648125,55.78625625,8.7152566875,-8.7153125,-0.677,-107.45985625000006,-9.2463436875,9.24625,0.762625,-60.93065625000003,-0.16282662500000006,0.16274999999999984,0.03981250000000001,-42.080662500000116,0.032408999999999896,-0.032375000000000376,0.0004374999999999875
CGCAC,2.1568624838887795,-4.21414206888614,-0.9373605766894928,-5567.410025625,47.35691875,8.690867,-8.6908125,-0.6943125,-113.70398687499994,-9.261439125,9.2615,0.6980625,-61.28582062499993,-0.12572243750000017,0.12574999999999997,0.015437499999999974,-40.98474687499993,0.008792812499999856,-0.008624999999999987,0.002125
CGCAG,1.9634306604158767,-3.6666344822582624,-0.23710290079477173,-5572.869741875,60.857378125000004,8.69942125,-8.6994375,-0.7065625,-113.69250687499999,-9.2625941875,9.2626875,0.7676875,-60.380574374999966,-0.16384293749999973,0.16375,0.009062499999999987,-42.28547937500002,0.0200328125,-0.02006249999999998,0.0018125
CGCAT,1.4618359143436819,-3.265343250801117,0.0031601077195726854,-5566.14763,48.05223625,8.7237718125,-8.723749999999999,-0.7024375,-107.628508125,-9.276034125,9.276,0.7570625,-62.81608625000018,-0.1363419374999996,0.1364375,0.007624999999999994,-41.800223125,0.0008658125000002749,-0.000874999999999725,0.0011250000000000001
CGCCA,2.363585712434509,-3.1866228417574476,-0.17524984390047546,-5562.539385625,47.902935625,8.6779280625,-8.678,-0.6859375,-111.13441250000007,-9.2632658125,9.2633125,0.754875,-59.93545999999998,-0.17405831250000023,0.17393750000000022,0.008687499999999982,-41.091238749999995,-0.005561812499999982,0.005437499999999975,0.0009374999999999875
CGCCC,2.7423789543167625,-3.359061193016696,-0.6312409862114895,-5565.377468125,36.449480625,8.6724515,-8.6725,-0.6637500000000001,-113.56901499999988,-9.2939434375,9.293875,0.7396874999999999,-60.93351124999992,-0.1558267499999999,0.15575000000000003,0.010374999999999981,-40.616452500000044,-0.00838381250000008,0.008312500000000039,0.0010625
CGCCG,2.8570955778427285,-3.751156510986737,-1.2930888550657578,-5562.37861375,51.36440625,8.6703545625,-8.670375,-0.712125,-119.85489562499976,-9.2509349375,9.2510625,0.690125,-59.931605624999975,-0.16905937500000015,0.16918750000000016,0.008750000000000006,-40.875841250000015,-0.020799874999999912,0.020749999999999918,0.00075
CGCCT,2.7384993941983446,-3.15960956135907,-0.935522662762345,-5566.59797,39.171965,8.672706625,-8.6726875,-0.7026875,-110.35198125000012,-9.246121875,9.246125,0.7384375,-59.96907812500005,-0.17109175000000013,0.1711249999999998,0.006874999999999988,-41.77868687500013,-0.046919062499999976,0.04699999999999967,0.0023749999999999874
CGCGA,2.865041726417242,-3.387578750290286,-1.5866084358308707,-5564.69763375,57.0370525,8.6419465625,-8.6420625,-0.69325,-113.73715437499988,-9.1635595625,9.163499999999999,0.7388125,-58.963180624999936,-0.20395381249999955,0.20375,0.0045000000000000005,-40.48082624999984,-0.05508312499999941,0.05487500000000008,0.01587500000000001
CGCGC,3.2815675121143437,-4.165494920194977,-2.1401309193718236,-5569.3241725,45.706784375,8.689107875,-8.6890625,-0.665875,-122.35843249999988,-9.210373,9.21025,0.6765,-59.58364437499999,-0.1685626250000001,0.16862499999999989,0.004062499999999987,-39.48047562499999,-0.05763718750000005,0.05768750000000004,0.0073749999999999935
CGCGG,3.637345553978068,-3.2313349155902933,-1.659780846073573,-5571.0297143749995,57.6941875,8.637309125,-8.637375,-0.6923125,-120.29231249999994,-9.1969504375,9.196875,0.7420625,-58.81389749999989,-0.19943624999999982,0.19931249999999995,0.0043125,-40.35835187499999,-0.07244137499999995,0.07250000000000001,0.0025624999999999875
CGCGT,2.8507722242458504,-3.8003852962915445,-1.376922810307957,-5571.5349856249995,46.99481,8.6955876875,-8.6955625,-0.675375,-115.09188750000007,-9.2177463125,9.21775,0.7141875,-60.745831874999915,-0.16712043749999997,0.1670625,0.003874999999999994,-41.36506312500001,-0.04901156249999982,0.0489999999999999,0.0034374999999999935
CGCTA,-0.30417922591222674,-2.596735622903326,1.0995199998608527,-5555.522561875,53.448538125,8.8262266875,-8.8261875,-0.69225,-104.74582500000014,-9.3331128125,9.3331875,0.7390625,-69.43423125000015,-0.033832624999999936,0.03400000000000003,0.037812499999999985,-37.065896875000035,-0.02640606249999976,0.02650000000000018,0.004937499999999994
CGCTC,1.6190390436814064,-3.79586360738074,-0.3340983664924791,-5569.36413875,40.6122525,8.7725350625,-8.772625,-0.6656875,-112.17254687500007,-9.2648074375,9.2648125,0.7189375,-66.1431906250001,-0.08230018750000011,0.08218749999999984,0.03381249999999999,-37.942640624999974,-0.051782624999999895,0.05175000000000004,0.003
CGCTG,0.9837074143052271,-4.070023647936577,-0.17010479588068736,-5571.097269375,52.137393125,8.81705225,-8.817125,-0.70725,-114.44729375000031,-9.3017826875,9.301625,0.6876875,-69.30161437499999,-0.06696637500000018,0.0669375,0.04037499999999997,-36.627593125000146,-0.02971806249999996,0.029562499999999936,0.0006875
CGCTT,0.5001617321070473,-2.395091294785362,0.2341101637951066,-5555.844044375,48.26173375,8.7909305625,-8.791,-0.6959375,-104.86898874999987,-9.255019,9.2548125,0.74625,-65.38632124999991,-0.0836643749999998,0.08362500000000021,0.013375000000000005,-37.36713124999994,-0.07293568749999989,0.07293750000000017,0.004875
CGTAA,0.1505926776012125,0.6196877163696835,-1.4734475352978726,-5560.981615625,58.899050625,8.695461625,-8.6954375,-0.65925,-97.62274249999999,-9.36111875,9.3609375,0.79125,-115.46142875000007,-0.06319762500000015,0.06318750000000006,-0.000875,25.573790000000088,-0.13314593750000026,0.13324999999999992,0.0029999999999999875
CGTAC,0.4223856219118101,-0.5765300119403602,-2.617193165857507,-5561.39030625,50.574755625,8.67855925,-8.6785625,-0.6835625,-104.86786499999988,-9.345579375,9.3455625,0.7324375,-116.2006125,-0.053123687499999954,0.05306250000000023,-0.000375,26.1349275,-0.10976725,0.10981250000000002,0.005999999999999994
CGTAG,0.26144856815070144,0.7987929837561814,-1.9909915245056797,-5563.39502125,64.81088,8.6860625625,-8.6859375,-0.6884375,-105.08669625000009,-9.377829375,9.378125,0.7959375,-116.50499687500006,-0.05418612499999997,0.054312499999999986,-0.0010625,26.663841249999802,-0.14003656250000013,0.14018749999999988,0.003625
CGTAT,0.3226876617632322,0.5243894437771043,-1.8640086442036752,-5560.63739625,49.50389875,8.681488875,-8.6814375,-0.6765,-98.99327000000012,-9.365942875,9.3659375,0.7848125,-116.01916500000013,-0.06170118750000011,0.06174999999999985,-0.000875,26.12477624999985,-0.13548662499999997,0.1356874999999999,0.003937499999999975
CGTCA,0.528614398025198,-0.7806093735079794,-2.548563533898107,-5563.814546875,50.136427499999996,8.6940953125,-8.6941875,-0.6760625,-105.14857749999992,-9.283398375,9.2835,0.748375,-115.762751875,-0.053313187499999914,0.05318749999999983,-0.0001875,24.987160625000058,-0.14198099999999989,0.1418749999999999,0.003
CGTCC,1.1875447394713188,-1.0370377161342677,-3.4238237425968516,-5567.058891875,38.679563125,8.6621535,-8.6620625,-0.6554375,-108.75737187499982,-9.2836990625,9.2836875,0.7366874999999999,-117.914640625,-0.04541456250000053,0.045437500000000026,-0.0008125000000000001,24.652733124999894,-0.15300750000000019,0.15306249999999982,0.00575
CGTCG,0.8896537458375834,-1.6686709913015367,-3.8651026929820644,-5567.2780087500005,52.0863375,8.67450725,-8.6745625,-0.7046875,-113.37476625000012,-9.222259375,9.2221875,0.7066875,-116.96256187500006,-0.031101249999999636,0.0310625000000001,-6.25e-05,25.09044937499989,-0.16187856249999968,0.16181249999999994,0.0035
CGTCT,0.594761065762785,-0.6151208655002364,-2.6616206445075727,-5564.253985,37.5809125,8.6877539375,-8.68775,-0.6965,-102.74533875000009,-9.3030460625,9.3031875,0.7525625,-114.32471124999981,-0.05226968750000005,0.052312500000000206,-0.000375,23.91169499999984,-0.1477329999999998,0.14781250000000004,0.0036875000000000002
CGTGA,0.3910224871006036,0.02824544199959966,-2.282560736364507,-5563.993788125,59.227421875,8.69319425,-8.693125,-0.6781874999999999,-106.74884499999999,-9.331915125,9.331875,0.7756875,-115.96432312500012,-0.04666256250000023,0.04681250000000004,0.0011250000000000001,24.17443125000005,-0.14395031250000012,0.14400000000000007,0.004249999999999994
CGTGC,1.3812943293204407,-0.9234383622973007,-3.2997438719252252,-5571.73086,45.75565375,8.6948128125,-8.694875,-0.6530625,-115.796065,-9.3523695625,9.35225,0.73175,-116.81916625,-0.06014806249999982,0.06012500000000022,-0.001,23.752335624999876,-0.13791531249999994,0.13793750000000016,0.0041875
CGTGG,0.3843737987173857,-0.112591098053308,-2.3198505445982263,-5565.31040625,61.97607,8.7050155,-8.705125,-0.6793125,-113.56404125000006,-9.337242875,9.3371875,0.78825,-116.29304312499981,-0.04547425000000016,0.045374999999999846,-0.000625,25.016150625000087,-0.13487274999999996,0.13474999999999976,0.0031875000000000002
CGTGT,0.8044484650059325,-0.8524176112454206,-2.844771542325903,-5569.983593125,45.393469375,8.690485375,-8.6905,-0.67025,-108.31971125000025,-9.29307725,9.2929375,0.766,-115.77152187500006,-0.04932443750000005,0.04931249999999986,-0.0009375,24.022943124999976,-0.14563868750000006,0.1456249999999998,0.00375
CGTTA,-0.10045781482294892,0.5360691823790069,-1.909824178505464,-5555.8250325,59.213355,8.68728325,-8.68725,-0.6889375,-97.49313937500008,-9.36866525,9.36875,0.7501875,-120.75435187500018,-0.0520657499999999,0.05206250000000012,-0.0009375,26.92883000000006,-0.12789899999999996,0.12799999999999986,0.0040625
CGTTC,-0.017559430828815017,-0.6305601308484493,-1.8673692311337393,-5559.72605125,46.440550625,8.7043825,-8.704375,-0.6485625,-103.63340562499977,-9.3087724375,9.308625,0.7800625,-120.90456124999974,-0.04579556249999994,0.04568749999999999,-0.00075,26.679549375000118,-0.10777331250000009,0.10768749999999991,0.00375
CGTTG,0.70351041488319,-0.7186159562607563,-3.061959436454173,-5562.32043625,57.285788125,8.6758754375,-8.6758125,-0.68625,-106.38153625000005,-9.2993385,9.2993125,0.7095,-122.01498812500013,-0.0586587500000002,0.05862499999999981,-0.000875,27.641356249999987,-0.14223250000000018,0.14231249999999998,0.0026875000000000002
CGTTT,-0.5675025100830253,0.03311563228846793,-1.8423801289407824,-5558.543048125,47.206634375,8.715746,-8.71575,-0.700125,-97.7809093749998,-9.361577,9.361625,0.7655,-120.09054,-0.03095337499999972,0.030999999999999577,-0.0011250000000000001,25.700797500000082,-0.11296568750000004,0.11299999999999961,0.0053750000000000004
CTCAA,0.23265605415285365,-0.22893318582726296,2.2998560189149613,-5550.11237375,72.95339875,8.8146900625,-8.81475,-0.6611875,-95.81007125000004,-9.3179011875,9.3178125,0.8166875,-58.91237125000026,-0.12253850000000006,0.12243750000000009,0.013187500000000007,-38.66529062500007,-0.09373868750000021,0.09375000000000003,6.25e-05
CTCAC,0.2053293311347747,-1.1778110850865346,0.8972043901250546,-5552.7205275,62.781929375,8.7498308125,-8.749875,-0.6741874999999999,-102.5605349999999,-9.3375905625,9.3375,0.785375,-58.69929062499989,-0.041696187499999926,0.041562499999999614,0.008187500000000006,-38.73695812499989,-0.04402381249999987,0.043999999999999914,0.0006875
CTCAG,0.35050377839047736,0.41319426053450703,1.8499880388502825,-5555.515045625,77.066945,8.807915,-8.8080625,-0.67675,-102.29706312499992,-9.3710099375,9.3709375,0.8435625,-58.803091875000014,-0.11534593749999995,0.11500000000000002,0.0041875,-38.73535187500016,-0.09825374999999967,0.09793749999999989,0.001
CTCAT,1.1793973033630563,2.126146366978569,2.0037168684972086,-5553.315785,65.1021175,8.7817245,-8.781812500000001,-0.6646875,-97.00669812499994,-9.51331025,9.5133125,0.839875,-59.6160299999999,-0.14434643750000015,0.1442499999999999,0.007,-39.90453687499985,-0.1245295625000004,0.1244375000000001,0.001625
CTCCA,2.877946958984599,2.8541053425753473,0.6929080084866736,-5553.36948875,63.412808749999996,8.708927375,-8.708874999999999,-0.6734375,-100.67557062500013,-9.51853625,9.518625,0.7985,-58.51734062500002,-0.18112424999999974,0.18112500000000012,0.0064999999999999815,-38.27758250000005,-0.1959324374999997,0.19593750000000013,0.0005624999999999875
CTCCC,3.3594941098424544,4.545388943516041,0.6061347817159471,-5551.3919825,51.66867,8.6600000625,-8.659875,-0.6479374999999999,-102.67730375,-9.762017125,9.7620625,0.7954375,-59.27780562499993,-0.14832193749999975,0.14837500000000006,0.006000000000000006,-38.52135062499985,-0.15613349999999981,0.15624999999999994,0.0006875000000000125
CTCCG,2.900302731803713,1.157192519449934,-0.3143126007397935,-5556.84366125,65.4079725,8.6743778125,-8.6743125,-0.690875,-108.12110125000025,-9.4205873125,9.42075,0.77625,-58.413045000000075,-0.15643231250000006,0.1565,0.0029375,-38.46298687500001,-0.1619685625,0.16212500000000013,0.0004375
CTCCT,3.044043635590277,4.556009127032935,0.9671570368700384,-5549.713006875,57.02998625,8.67932975,-8.679375,-0.6798125,-98.49699687500002,-9.6779635,9.677875,0.816375,-58.012356249999975,-0.17709962499999987,0.17712499999999975,0.004187499999999994,-39.34250500000002,-0.18548306250000018,0.18537499999999993,0.000875
CTCGA,2.46925980546697,0.650294770481905,0.6844665384115433,-5549.92807125,70.89477,8.6923596875,-8.692375,-0.674625,-101.637178125,-9.3135465,9.3135625,0.7983125,-57.978265625000176,-0.19861687499999994,0.19862499999999988,0.0049375,-39.56588125000003,-0.15455256250000005,0.15456249999999983,0.002
CTCGC,2.691162780688035,-0.037106092140476936,-0.015894429143700463,-5562.11382625,57.267,8.74806725,-8.748,-0.6527499999999999,-111.54615312500025,-9.3551408125,9.35525,0.7865624999999999,-59.05602000000004,-0.169789375,0.16981250000000025,0.003937499999999994,-38.26321187500008,-0.1585214374999999,0.15856249999999997,0.0020625
CTCGG,2.8131689119449383,0.9817679961478587,0.4296641762008402,-5558.350595625,72.494508125,8.6896829375,-8.689625,-0.6731874999999999,-109.04718999999996,-9.40107175,9.4009375,0.8160000000000001,-57.19294562499999,-0.19208106249999976,0.19218749999999962,0.0030625,-38.01459562500003,-0.1374294999999998,0.13743749999999982,0.0005625000000000001
CTCGT,3.0687973201962264,1.0154029992762177,0.6616495866930887,-5556.8845175,61.3545725,8.677756500000001,-8.677687500000001,-0.646375,-104.77192562500014,-9.3997236875,9.39975,0.8298125000000001,-58.63069500000017,-0.22014581249999993,0.22012499999999968,0.004187499999999994,-39.64363375000004,-0.13263850000000008,0.13262499999999938,0.0044374999999999875
CTCTA,-0.9683637749134084,0.190864740210477,2.526955570573813,-5548.834068125,66.212606875,8.852315375,-8.8521875,-0.67075,-91.78438999999999,-9.42766275,9.42775,0.8085,-64.25415937500003,-0.06089518750000011,0.060999999999999846,0.016249999999999994,-37.21243124999995,-0.056744750000000094,0.05687500000000012,0.004999999999999994
CTCTC,0.522506447996782,1.7961120847363903,1.6881251886805964,-5553.8754175,54.98258375,8.80943225,-8.809375,-0.666125,-98.66090187499996,-9.59234425,9.59225,0.805375,-62.21696437500004,-0.08695924999999988,0.08700000000000017,0.005249999999999988,-37.21779124999995,-0.08505162499999999,0.08512500000000013,0.00225
CTCTG,-0.04463002791700634,-0.6057056392772071,1.3009311589637003,-5559.031635,63.545119375,8.82500775,-8.8249375,-0.67125,-101.30921312499991,-9.36481875,9.3648125,0.80825,-65.04707499999999,-0.07644362500000002,0.07643749999999983,0.0025625,-36.70732562500006,-0.07316237499999997,0.07324999999999995,0.0010625
CTCTT,0.37766922239731476,2.477965018325797,2.0070155155461884,-5547.865024375,62.045315,8.7945144375,-8.7945,-0.6655625,-91.78790750000007,-9.5617345,9.5619375,0.8194375,-61.44911062500006,-0.10658931249999982,0.10662500000000008,0.014937500000000006,-37.38031625000007,-0.11509743750000015,0.11493750000000014,0.011625
CTTAA,-4.036821490303164,-0.41417535714534565,1.2051263410324602,-5548.21610375,77.937188125,8.87109,-8.8710625,-0.6711875,-88.10655437499997,-9.3166068125,9.3166875,0.829875,-115.08548937500007,0.019417250000000136,-0.019375000000000232,0.0006875,29.82391249999984,-0.020236812499999764,0.020250000000000195,0.008562499999999994
CTTAC,-2.397724223051355,0.8768778847141894,-0.21821821619447787,-5549.730313125,69.0977375,8.77180375,-8.7718125,-0.686375,-94.86636749999994,-9.47251075,9.4723125,0.7983125,-114.83520687500007,-0.0021598124999999187,0.002124999999999675,-0.000875,30.018708750000087,-0.02999706249999988,0.030000000000000027,0.012375000000000006
CTTAG,-3.86954314234617,0.062442627247172415,1.031524308506334,-5550.03352,82.13884875,8.866044,-8.866,-0.687,-93.60391249999974,-9.3840681875,9.384125000000001,0.829375,-115.264466875,0.029527687499999532,-0.02950000000000005,-0.001375,30.27292437500017,-0.015156562500000175,0.015249999999999968,0.0050625
CTTAT,-4.170835325120231,0.4203799040939878,1.1454455007383768,-5547.95173125,70.709476875,8.8745230625,-8.8745,-0.6823125,-88.23310812500002,-9.4270394375,9.4270625,0.82225,-115.72194999999988,0.057976437499999936,-0.05793749999999971,-0.0016250000000000001,29.302716249999982,-0.01750368750000008,0.017687500000000286,0.005249999999999987
CTTCA,-1.835984010994088,1.4167262325994758,-0.5150415592222272,-5551.417224375,69.20259312499999,8.7728429375,-8.7729375,-0.672,-94.74490250000012,-9.3971216875,9.3971875,0.811375,-114.71181687500007,0.01248731249999947,-0.012625000000000008,-0.001,29.48853437499985,-0.1262615625000001,0.12624999999999975,0.005999999999999994
CTTCC,-0.4587210202277327,3.6528952188153023,-1.0801709062156573,-5550.20866375,56.82659125,8.6974930625,-8.697625,-0.657125,-97.69320812499996,-9.6283340625,9.6283125,0.807875,-116.235956875,-0.0068957500000002055,0.006687500000000187,-0.0011250000000000001,30.007552500000145,-0.13357437500000016,0.13343749999999993,0.009125000000000001
CTTCG,-0.8761157077275064,0.5149699371586699,-1.9571840099367503,-5555.746873125,71.821186875,8.7120704375,-8.7119375,-0.6863125,-102.91597812499998,-9.3226616875,9.3229375,0.7766875,-115.74253437499993,0.011544625000000086,-0.011375000000000362,-0.0011875,29.514875625000013,-0.14394012499999986,0.14399999999999968,0.0055625
CTTCT,-1.5906906508278398,2.974396788924237,-0.1619168978576575,-5550.788239375,59.382800625,8.74989725,-8.749875,-0.6834375,-92.69297249999994,-9.5550788125,9.555,0.836125,-114.04019062499994,0.017340499999999877,-0.017187500000000012,-0.0015625,28.10834937500005,-0.11754531250000001,0.11750000000000026,0.0035
CTTGA,-3.1842999790740296,-0.26201851902104495,0.31225377297748014,-5550.95045625,76.414136875,8.843948375,-8.844,-0.677625,-95.65904187500001,-9.330979750000001,9.3309375,0.8074375,-114.71471812499988,0.030671687500000034,-0.030624999999999895,-0.0010625,28.250981875000207,-0.05426556250000014,0.05406249999999993,0.0043749999999999995
CTTGC,-3.2360576007457933,-1.6407007673410903,-0.33898421371295734,-5558.5926425,66.014598125,8.87637675,-8.8764375,-0.6586875,-105.41035687499999,-9.3192835,9.319125,0.7936875,-114.534241875,0.06120250000000019,-0.06137499999999977,0.0006875,29.174652499999986,-0.026090687499999855,0.025937500000000162,0.00775
CTTGG,-1.725281008050483,0.5769477198723967,-0.38301908108705834,-5561.441825,78.855506875,8.802443625,-8.8025,-0.6728125,-103.97528562499987,-9.4241118125,9.424125,0.821625,-113.69666312499993,-0.01752143750000012,0.017312500000000158,-0.0003125,28.947222500000063,-0.07252987500000004,0.07237500000000015,0.0060625
CTTGT,-3.36704978688807,-0.329078929953944,0.2897241954386575,-5553.542340625,67.72907875,8.845839250000001,-8.8459375,-0.6696875,-98.96299624999986,-9.343316625,9.34325,0.84325,-114.86270624999987,0.054211000000000134,-0.054312499999999896,-0.0019375,28.091992500000007,-0.04173900000000009,0.04162499999999988,0.006124999999999993
CTTTA,-3.964039838222658,0.517927766936244,1.4390053659968765,-5536.915625625,77.80721125,8.84668275,-8.846625,-0.6801875,-85.83058062500002,-9.399093125,9.39925,0.799375,-118.53769124999988,0.011217437499999781,-0.011124999999999918,-0.0011250000000000001,30.91537437499995,-0.009905312500000131,0.009937500000000125,0.005124999999999993
CTTTC,-2.8253333743155267,1.0870429125777652,0.7289944757587442,-5550.2049125,62.49819875,8.813242875,-8.8133125,-0.6549375,-93.20141125000002,-9.4594145625,9.459375,0.8536874999999999,-119.04916125,0.009528437499999869,-0.009562500000000012,-0.002249999999999981,31.24701875000005,-0.037341437500000074,0.037374999999999936,0.005687499999999994
CTTTG,-3.30999852712298,-1.385963206195314,0.015010066056124469,-5550.054330625,75.847855,8.843248,-8.843187499999999,-0.6839999999999999,-96.32819875000018,-9.284138125,9.28425,0.7715625,-121.638823125,0.014059312500000233,-0.014062499999999962,-0.0015625,31.496342499999855,-0.020573124999999737,0.020562500000000362,0.0044375000000000005
CTTTT,-3.7718300312487054,1.519781520033977,1.3864519240859292,-5539.21618125,69.76032625,8.8306766875,-8.8306875,-0.7064375,-87.83500312500006,-9.4918373125,9.491875,0.833125,-118.91652687500006,0.011619937500000293,-0.011500000000000263,-0.0014375,29.519300625000074,-0.012409437499999768,0.01243749999999985,0.0063125
GACAA,0.3732400502339919,-3.082308120718187,2.3742139258612034,-5560.558999375,45.506963125,8.8002244375,-8.8001875,-0.6333125,-98.05836500000017,-9.303432125,9.303625,0.801125,-59.24728687499993,-0.0834708750000001,0.08337499999999998,0.0433125,-41.82519937500002,0.0111253750000001,-0.010937500000000157,0.0009375
GACAC,0.8144709540456626,-3.8112361957374383,0.41576551803217615,-5564.66677625,34.466648125,8.7731726875,-8.7731875,-0.653375,-103.82815812500004,-9.25020725,9.2501875,0.7445625,-59.37633749999981,-0.03909893750000026,0.03925000000000013,0.030500000000000006,-41.318062499999776,-0.02714106250000025,0.027125000000000055,0.0015
GACAG,0.1789463434966053,-2.6169518066719553,1.1248840723590552,-5563.91521,48.927694375,8.8057664375,-8.8058125,-0.649875,-102.88256687499994,-9.3072038125,9.307,0.7953125,-59.2655256249999,-0.0719405624999999,0.07193750000000024,0.0076875,-40.90977062499998,-0.007787999999999894,0.0076250000000001,0.0025
GACAT,0.9176747094888849,-3.1425323278964106,1.5662019738528572,-5562.995644375,35.520329375,8.789342,-8.789375,-0.6239375,-97.78346437499981,-9.266724312500001,9.26675,0.7839375,-60.076486875000036,-0.08430093749999973,0.08425000000000016,0.0381875,-42.39844312499998,-0.03436431249999984,0.034375000000000294,0.0020625000000000122
GACCA,2.6105983197003035,-0.6857291600309899,0.3564381198945352,-5560.760869375,35.57525125,8.7082318125,-8.708125,-0.6444375,-101.10303499999985,-9.3700478125,9.3700625,0.7815,-58.38658812500001,-0.15111087499999987,0.15125000000000005,0.013750000000000005,-41.113874374999966,-0.10874993750000021,0.10875000000000015,0.0015625
GACCC,3.630240312706435,-0.20112042228557667,0.16222650485210177,-5562.83488375,23.266096875000002,8.681583250000001,-8.6816875,-0.6168750000000001,-104.8484106250002,-9.42927825,9.429124999999999,0.7896875,-59.013432499999965,-0.16266937499999987,0.16249999999999976,0.02824999999999998,-40.478207499999925,-0.13372381249999998,0.13362499999999974,0.0037499999999999877
GACCG,3.8106801172134728,-1.2921321839511573,-1.2996743366548438,-5566.3590618749995,37.406955625,8.66148575,-8.6615,-0.66675,-109.01484374999968,-9.343754375,9.343625,0.7158125,-58.61649312499979,-0.1618458749999997,0.16174999999999987,0.014500000000000006,-41.05499874999987,-0.14018374999999975,0.14024999999999999,0.0017500000000000126
GACCT,2.669746348633038,-1.7649138872115593,0.4382475297185252,-5562.963493125,26.892410625,8.7174908125,-8.7174375,-0.626,-100.20092312499978,-9.32004125,9.3201875,0.768375,-58.329971874999835,-0.13740768750000013,0.13743749999999993,0.026937500000000014,-42.40856124999987,-0.10127162499999974,0.10137500000000017,0.001437499999999994
GACGA,2.575752637032389,-1.0021349620268092,-0.6377804355499517,-5561.472414375,45.226394375,8.6969286875,-8.6969375,-0.6448125,-102.86528312499995,-9.3106335,9.31075,0.7579374999999999,-58.77305374999998,-0.16021918749999994,0.1603124999999998,0.008875,-40.63823750000006,-0.1243623749999998,0.12431250000000002,0.014437500000000006
GACGC,2.0507150317277634,-3.419697291415016,-0.9493512450637017,-5570.618360625,31.1102475,8.7566489375,-8.7566875,-0.618875,-112.954363125,-9.2730796875,9.2733125,0.7398125,-59.08091624999991,-0.11057706249999986,0.1106875000000003,0.01125,-41.06931999999994,-0.055709812499999956,0.05575000000000008,0.014124999999999999
GACGG,3.384371443197608,-1.4092920523163215,-0.9197936993643534,-5571.1137675,46.34468875,8.6900621875,-8.6899375,-0.655625,-110.38156625000013,-9.3298354375,9.33,0.7515625,-58.39988249999999,-0.16478581249999993,0.16493749999999974,0.0094375,-40.62437687500011,-0.12365974999999987,0.12381249999999977,0.002375
GACGT,3.017276431864658,-2.3177957817875674,-0.8588311035068181,-5570.632931875,33.538529375,8.7051093125,-8.7051875,-0.628625,-104.38822500000006,-9.286972875,9.2871875,0.73825,-58.810527499999985,-0.15815500000000043,0.15812500000000018,0.012499999999999999,-41.233456250000074,-0.10314643750000049,0.10299999999999998,0.0085625
GACTA,-0.6920878820182619,-1.6076234665167015,1.4451915674557858,-5553.889550625,44.140646875,8.826806125000001,-8.826812499999999,-0.66,-94.54680125000024,-9.365774,9.36575,0.778875,-61.03938750000008,-0.03202156249999987,0.03212500000000029,0.024312499999999973,-39.49353125000017,-0.031437312500000036,0.031437500000000326,0.013999999999999969
GACTC,0.04506800013814643,-2.9485526911359834,1.1235208544583297,-5556.859076875,30.33604875,8.8169124375,-8.8169375,-0.6354375,-101.09630812499978,-9.2835488125,9.283687500000001,0.7725625,-61.4326549999999,-0.033433750000000165,0.03331250000000018,0.0225,-39.35618687500005,-0.03172074999999984,0.03168750000000009,0.003687500000000012
GACTG,0.3396456329406005,-2.7873919658797903,0.48465475244895184,-5563.37102875,40.176615,8.813193625,-8.81325,-0.664625,-103.58328125000027,-9.3180389375,9.3180625,0.7454375,-62.7932618750001,-0.04738056250000024,0.04731249999999965,0.016375000000000008,-38.157291250000014,-0.03696393750000015,0.03681250000000006,0.002375
GACTT,0.23962463970069492,-2.034060248549639,1.426172313448619,-5555.022826875,36.042555,8.805986,-8.8059375,-0.6553125,-94.3303612500001,-9.305401375,9.3055,0.7705,-60.88581250000005,-0.05858024999999999,0.05862499999999996,0.029,-39.39891874999996,-0.06390468750000003,0.06393750000000037,0.004
GATAA,-3.332332598266618,0.1397994743417831,1.06929214796978,-5547.94526,51.2697425,8.867910375000001,-8.867875,-0.6331875,-86.20898312499996,-9.3805508125,9.380625,0.8304375,-116.46453062499994,0.015381562500000112,-0.015312500000000161,-0.001375,26.13470875000002,-0.045699562499999735,0.04587499999999978,0.008499999999999982
GATAC,-1.912111738072048,0.11241237399094006,-0.7430695913159392,-5552.901124375,38.248744375,8.760080437500001,-8.7600625,-0.6491875,-94.5014043750001,-9.4330264375,9.4329375,0.811125,-116.11022437500006,0.0012623125000003252,-0.0011249999999999624,-0.00175,26.14333312499985,-0.037255562499999735,0.03737500000000016,0.0173125
GATAG,-3.0844467029012743,0.49129559889028424,0.6253333057392049,-5547.54557625,53.701840625,8.838883875,-8.8388125,-0.6584375,-92.98130125000013,-9.4319840625,9.4318125,0.825125,-116.63840000000006,0.03617106249999976,-0.03606249999999975,-0.00175,27.160960000000046,-0.041174875000000166,0.04131250000000007,0.005124999999999987
GATAT,-3.526250470318705,-0.1661317161169161,0.41954505224495225,-5549.2167275,41.77297375,8.8669644375,-8.8669375,-0.6284375,-87.84711312499996,-9.382842875,9.382875,0.8155,-115.96098312499994,0.06497700000000008,-0.06506250000000005,-0.0016875,25.671351249999976,-0.04923950000000021,0.04931249999999987,0.012062500000000006
GATCA,-1.1533704486561815,0.4432995180506319,-1.31202418937537,-5551.3437775,39.902043125,8.74569275,-8.745875,-0.6494375,-93.21348312500014,-9.3582436875,9.358062499999999,0.781,-116.59314625000006,0.006406687500000069,-0.0066249999999996555,0.0010624999999999936,23.739612499999858,-0.13043937499999997,0.1302500000000001,0.0115
GATCC,-0.3177729585645059,0.20017538150653819,-1.2084318855015106,-5553.2450925,25.762445624999998,8.7186486875,-8.718625,-0.6215625,-96.95372312500022,-9.377758125,9.377749999999999,0.79725,-116.77100374999993,-0.011526562499999938,0.01150000000000005,-0.0010625,23.852736875,-0.11394449999999999,0.11400000000000028,0.003125
GATCG,-0.49655079897050236,-0.28394100445515036,-1.638835790852614,-5555.894994375,41.844733125,8.715939875,-8.7158125,-0.6636875,-102.77583187500001,-9.333013875,9.3331875,0.7871874999999999,-116.35929874999988,-0.0038725624999999125,0.004124999999999925,-0.0009374999999999875,23.763641249999925,-0.11059056250000017,0.11074999999999996,0.002499999999999994
GATCT,-1.7112663439300204,-0.9574603597191752,-0.7815520725016902,-5559.539620625,27.87456625,8.7885186875,-8.7885625,-0.661625,-93.46575124999976,-9.307386,9.307375,0.814875,-114.32061625,0.018067562500000186,-0.018124999999999843,-0.0015,21.369871249999964,-0.08443825000000006,0.08443750000000017,0.0053124999999999934
GATGA,-1.8857963969375158,0.7528547621391842,-0.38851037443491454,-5550.53654,50.024134375,8.7913081875,-8.7911875,-0.653875,-95.19762437499999,-9.4518031875,9.452,0.793,-116.26979125000007,0.006330812500000238,-0.006187499999999906,-0.0011250000000000001,24.25956812500006,-0.07373531249999987,0.07381249999999995,0.0094375
GATGC,-0.9985487141026905,-1.5780457219791877,-1.506926503447184,-5562.931338750001,34.59520375,8.795139375,-8.79525,-0.62025,-105.96081875000004,-9.3334010625,9.333375,0.775625,-116.334725625,-0.002351000000000081,0.0021875000000003315,-0.0004375,23.2943768749999,-0.06838025000000005,0.06831250000000055,0.0096875
GATGG,-0.9254120538253046,1.1071842464083932,-0.5412050220345058,-5557.476133125,50.865593125,8.770676375,-8.770625,-0.643625,-102.81980874999998,-9.498320625,9.498375,0.8145,-116.20283437500012,-0.011820812499999882,0.01181249999999965,-0.00125,24.019389375000006,-0.08328225000000032,0.0833124999999997,0.0026874999999999876
GATGT,-1.675802997923739,-0.8568372496471727,-0.40252286603283177,-5556.77784125,38.16818875,8.7925254375,-8.7925,-0.647625,-98.22804749999999,-9.3331964375,9.333125,0.8178125,-116.38797375,0.0032432500000000126,-0.0033750000000000815,-0.0016250000000000001,23.124000624999958,-0.06124981250000027,0.06118749999999985,0.0023124999999999877
GATTA,-3.0079880329588202,-0.130396556557561,0.33720706803349626,-5542.03318125,48.850656875,8.8239390625,-8.8239375,-0.655125,-85.32479562499992,-9.3255990625,9.3256875,0.7920625,-118.79754187500012,0.00919650000000005,-0.009187500000000005,-0.00012499999999999995,27.18470562499982,-0.06502150000000007,0.06499999999999972,0.010312499999999988
GATTC,-2.304612984069267,-1.0452461794215253,-0.03822808453930175,-5549.7794862499995,31.8690775,8.80146175,-8.8015625,-0.637125,-91.79449624999998,-9.29810325,9.2979375,0.817375,-121.11101000000001,0.006079312499999944,-0.006312500000000175,-0.002625,26.9040649999999,-0.04931281250000007,0.04924999999999968,0.0042499999999999994
GATTG,-2.481922720789138,-0.9946596497907837,-0.3976473889670879,-5548.25721,46.88576875,8.8118280625,-8.812,-0.65925,-94.72482562500004,-9.2877344375,9.287625,0.783875,-120.71609500000007,0.018897875000000064,-0.01906250000000008,-0.001,27.83309499999991,-0.06641700000000006,0.06625000000000003,0.00525
GATTT,-3.030966607916793,-0.2145305793999972,0.6322127411727642,-5542.5702787499995,38.169537500000004,8.835393125,-8.835375,-0.6685,-87.12736062499994,-9.316937875,9.316875,0.821,-118.09777125,0.014879937500000169,-0.014874999999999963,-0.001375,25.649101875000042,-0.06777281249999967,0.06774999999999977,0.0045000000000000005
GCCAA,0.14846437456304956,-1.5169209809395177,2.0973251703677853,-5559.5727175,53.46385125,8.855476625,-8.8555625,-0.636,-105.50699124999991,-9.350684125,9.35075,0.8281875,-60.180231875000004,-0.0804498750000002,0.08037499999999982,0.03874999999999998,-38.344461874999915,-0.06110343750000024,0.061124999999999666,0.009687499999999988
GCCAC,0.8594534381507114,-2.394474520912087,0.11115632365202288,-5567.24922625,44.356003125,8.7729710625,-8.772875,-0.6546875,-112.02925250000025,-9.341675625,9.341625,0.787,-59.31799312500005,-0.03665693749999984,0.03681250000000002,0.02487500000000001,-39.06788187499996,-0.043678687500000014,0.04374999999999976,0.00875
GCCAG,0.5724377715873642,-0.6146858235207782,1.2154708299302317,-5559.90323125,58.892310625,8.8350493125,-8.8351875,-0.6561875,-111.56632749999987,-9.4103054375,9.4101875,0.8113125,-58.784341250000004,-0.08637156249999987,0.08618750000000017,0.0076875,-38.551712500000065,-0.07305087500000003,0.07287499999999986,0.0026874999999999876
GCCAT,2.233135376307858,0.8849538041122028,0.6273570011184941,-5556.81373625,47.838863125,8.76442825,-8.7643125,-0.640875,-104.53677125000004,-9.4393050625,9.4393125,0.796375,-60.23737062499993,-0.15855774999999966,0.1586249999999998,0.005937499999999993,-39.71853874999989,-0.1513528124999998,0.15162499999999973,0.0053124999999999934
GCCCA,2.928933437468717,2.088551290393276,0.42318927408031837,-5551.40256125,47.289420625,8.718882125,-8.718875,-0.64375,-107.84135625000006,-9.500582375,9.5005625,0.8030625,-58.698831249999834,-0.16348481250000024,0.1635000000000002,0.01325,-38.27738124999997,-0.1841852500000002,0.18418750000000025,0.007062500000000001
GCCCC,3.2195569394517616,1.4591716010603037,-0.14273899100260823,-5554.083971875,38.339946875,8.6854235,-8.6853125,-0.619375,-110.84147875,-9.5317698125,9.531875,0.7839375,-59.233855,-0.14030812500000006,0.1403750000000004,0.0131875,-37.428976875000046,-0.14450068749999992,0.14462500000000028,0.008249999999999993
GCCCG,3.0456123904960957,-0.0928619269854908,-0.7867412524756193,-5558.26394375,48.02143375,8.6999168125,-8.699875,-0.6585,-116.54537124999987,-9.4149975,9.414875,0.74875,-59.047179374999985,-0.1298951249999996,0.12993749999999962,0.0073750000000000005,-37.823330625,-0.14033687499999994,0.1403749999999999,0.0019375
GCCCT,3.1930828619195673,1.1158481031979657,-0.19668930385592437,-5555.08610125,40.121993125,8.70220625,-8.7021875,-0.6569375,-106.03488125000013,-9.4447731875,9.444625,0.7691875,-58.00563000000005,-0.16375818750000032,0.16374999999999992,0.0055625,-39.1863618750001,-0.1784490000000003,0.17850000000000013,0.0024375
GCCGA,2.7611582075221723,0.2318498801982141,-1.1083487351767713,-5555.1943925,54.670173750000004,8.68997675,-8.6899375,-0.6431875,-110.02427,-9.38214325,9.3821875,0.7590625,-58.10196937499995,-0.19128737500000012,0.19131250000000025,0.007750000000000001,-37.6099168749999,-0.14161137500000026,0.1416250000000002,0.029937500000000006
GCCGC,4.248089620321144,0.6313127976676138,-1.9011639684209913,-5561.168404375,43.274893125,8.705146,-8.7050625,-0.6264375,-118.91405812500012,-9.4353395,9.435375,0.7221875,-59.06235937500008,-0.21337568750000008,0.21337499999999987,0.010937499999999968,-37.10065750000006,-0.2113840625,0.21137500000000006,0.024124999999999976
GCCGG,3.943334915047096,0.48207752965646505,-1.0022387311142231,-5567.394123125,53.848385625,8.6767168125,-8.67675,-0.636375,-116.37537750000007,-9.4637124375,9.4638125,0.763375,-58.61525062500011,-0.1844895625,0.1844374999999998,0.0038125,-37.142866874999996,-0.14690906250000002,0.14681249999999998,0.004875
GCCGT,4.074223580271574,-0.5871294256367102,-1.1559907155471678,-5567.65875375,43.97226125,8.6928619375,-8.6928125,-0.6106875,-112.22597062500019,-9.3711183125,9.371125,0.7494375,-59.429572500000134,-0.23226412499999982,0.23231250000000037,0.008312499999999994,-38.9970106250002,-0.14993756250000015,0.14993750000000008,0.016687499999999973
GCCTA,0.958420525561252,0.02613147881697988,0.7414380712908125,-5551.272175625,52.45551125,8.7882640625,-8.7881875,-0.65325,-100.6369493749998,-9.3864104375,9.3865,0.7725625,-62.211594375000004,-0.11089881250000001,0.11100000000000022,0.01624999999999999,-36.390242499999935,-0.12216575000000005,0.1222500000000001,0.012937499999999987
GCCTC,1.9662314136097685,-1.3529912249289668,-0.11985885255029409,-5567.767640625,34.3710825,8.7543670625,-8.754375,-0.6199375,-108.55736875000007,-9.3530595,9.3530625,0.7976875,-65.21725937500008,-0.09778506250000021,0.09787500000000021,0.030500000000000013,-35.29801625000011,-0.11358093750000012,0.11362499999999995,0.014187499999999995
GCCTG,2.589354818362412,-1.2628243658456286,-0.8501882478095797,-5570.64003125,42.9328275,8.7514749375,-8.7514375,-0.6501875,-111.3375543750002,-9.348305125,9.3483125,0.7490625,-64.06952562499994,-0.12576756249999993,0.12575000000000008,0.008812500000000001,-35.286156249999976,-0.1382955624999998,0.1385000000000001,0.00275
GCCTT,1.7506694329015398,0.07238722479841787,0.3623817896406176,-5554.440149375,44.54455125,8.7694195625,-8.7694375,-0.651125,-100.94863375000014,-9.351987875,9.351875,0.7770625,-61.680599999999984,-0.1382837499999998,0.13818749999999957,0.008624999999999994,-36.614452500000034,-0.15803718749999976,0.1579374999999997,0.007687499999999994
GCTAA,-3.766199262905458,-1.2729222302190446,0.3339644831018686,-5560.133194375,54.602616875,8.936906,-8.936875,-0.64075,-96.44804687499987,-9.3032664375,9.30325,0.8275,-115.52364937500006,0.044921687500000154,-0.04487500000000044,-0.0019999999999999875,28.718645625000132,-0.054407125000000015,0.0543125,0.0121875
GCTAC,-1.3283436626243685,-0.8292788671579912,-1.3108509808082658,-5569.77266125,43.843074375,8.7830005,-8.783,-0.6528125,-104.31034562500002,-9.437612625,9.437625,0.801875,-115.73761999999975,0.0017215624999999254,-0.0016250000000003566,-0.001375,27.58206187500015,-0.030085937500000107,0.030187499999999482,0.01
GCTAG,-3.4382085463174676,-1.035153058417497,0.26223806667121075,-5563.408419375,57.3218375,8.9227916875,-8.922875,-0.6539375,-103.36129875000003,-9.386299,9.386375,0.8268125,-115.54737062499994,0.056142749999999735,-0.05618749999999994,-0.0018125,29.43148375000016,-0.029792875000000267,0.029687499999999974,0.005124999999999987
GCTAT,-3.9268306561869513,-0.9093305211107079,-0.030877873584390654,-5562.829503125,46.447475625,8.9540215625,-8.954,-0.66475,-98.72206499999994,-9.382174,9.3820625,0.817125,-114.97165312500024,0.07334531249999998,-0.07343750000000003,-0.0018125,27.54325625000007,-0.05533924999999995,0.05537499999999999,0.014562500000000006
GCTCA,-0.757992630891717,0.09799202857513224,-1.7539128685976468,-5573.70914,45.673905625,8.8035255625,-8.8035,-0.64,-104.5319093750001,-9.38703275,9.3870625,0.818,-116.534990625,-0.004284374999999899,0.004187500000000012,-0.00125,26.79442625000002,-0.14080312499999983,0.14093749999999985,0.011124999999999994
GCTCC,0.35953014981455267,0.477180906297765,-2.5534474104057967,-5574.25739375,37.851803125,8.7233783125,-8.7233125,-0.62225,-108.22819125000012,-9.4725085625,9.4725625,0.7989375,-118.24589562500013,-0.014186187499999763,0.014249999999999863,-0.0006875,26.732545624999894,-0.12306962499999992,0.12306250000000023,0.012624999999999994
GCTCG,0.2908005533533998,-0.6180718952381475,-3.0338872383028552,-5574.17446125,46.937402500000005,8.7310645,-8.731,-0.6703125,-112.45909000000013,-9.3423391875,9.3425625,0.7731250000000001,-116.47118312500031,-0.014450937500000044,0.01456250000000003,-0.00075,26.770325624999938,-0.14662062499999995,0.1466875,0.00825
GCTCT,-1.544734765098807,-0.6650867459930977,-1.0290331281798315,-5568.639270625,37.422534375,8.8250590625,-8.8250625,-0.655625,-102.67093687499994,-9.400946625,9.400875,0.8253125,-114.551333125,-0.0213599375000003,0.021375000000000362,-0.00125,25.639775000000043,-0.06255281250000014,0.06250000000000032,0.015749999999999986
GCTGA,-1.2109672171715455,-0.8174294850215238,-1.3800366577887724,-5571.672494375,51.960064375,8.8346631875,-8.8348125,-0.6524375,-105.40441562499993,-9.3732743125,9.37325,0.7828125,-115.64200812499993,-0.001981687500000269,0.0017500000000003622,0.00012500000000000006,26.258325000000138,-0.09961425000000011,0.09956250000000023,0.006500000000000001
GCTGC,-1.57157162608039,-2.7837215681637257,-2.465977448367365,-5586.4246674999995,39.637829375,8.86876275,-8.8686875,-0.6373125,-115.60589249999981,-9.34665225,9.34675,0.7743125,-116.26379062499981,0.0596959374999997,-0.05962499999999992,0.00025,25.08593562500005,-0.054813875000000095,0.054875000000000014,0.013124999999999994
GCTGG,-0.4609575435424174,-0.3934268847991834,-1.5358912922964332,-5580.03638875,51.300488125,8.8140888125,-8.814125,-0.6335,-112.68500062500019,-9.464714375,9.4648125,0.8101875000000001,-115.60481375000012,-0.015315812500000013,0.015249999999999868,-0.000625,25.40843874999978,-0.08128418750000015,0.08118749999999995,0.005312499999999987
GCTGT,-1.763907373614615,-1.6372857059508543,-1.3462425524155686,-5578.740308125,41.366070625,8.8737534375,-8.87375,-0.621125,-107.69190374999994,-9.3110948125,9.311,0.83175,-115.50179500000019,0.03520449999999966,-0.03512500000000006,-0.0011250000000000001,26.17623374999995,-0.09603793750000023,0.09593749999999976,0.010250000000000007
GCTTA,-3.2106329651583216,-0.49104266554785625,-0.49393719974391964,-5559.053155,54.79389375,8.92253725,-8.9225625,-0.6625624999999999,-96.38868625000013,-9.3435769375,9.343875,0.7786875,-121.12168187500006,0.042424499999999865,-0.04256249999999993,-0.00037499999999999985,29.495317499999945,-0.10841087500000002,0.10837499999999996,0.012187499999999993
GCTTC,-1.802335138337006,-1.2536569533996245,-1.0317166036762517,-5564.44761125,40.29101,8.8204726875,-8.820500000000001,-0.62575,-102.3027368749999,-9.37425625,9.374125,0.7913749999999999,-123.30943437499981,0.015479437500000132,-0.015625000000000226,-0.001,29.739662499999895,-0.04589506249999988,0.04568749999999967,0.007562499999999994
GCTTG,-1.8514572721831708,-1.9760739712371271,-1.6303203854283845,-5568.51523,50.550198125,8.865764125,-8.8658125,-0.657625,-105.39051812499994,-9.2987538125,9.29875,0.739,-122.86696937499981,0.026451562499999925,-0.026499999999999968,-0.0008125000000000001,29.379105000000145,-0.0909805625000001,0.09087500000000022,0.0034375
GCTTT,-2.9038278696672175,-0.48772518166505097,-0.360147297536011,-5556.343309375,48.293636875,8.9012465,-8.901187499999999,-0.6796875,-97.12540249999982,-9.3390370625,9.339,0.7883125,-119.48104749999993,0.02566406249999998,-0.025624999999999676,0.001,28.097558125000205,-0.10546424999999987,0.10543750000000002,0.009249999999999994
GGCAA,2.4010085252673052,-2.8058927298024705,1.972353952464829,-5564.717398125,40.921943125,8.686048125,-8.6859375,-0.6296875,-103.0641775,-9.355524,9.35575,0.8229375,-59.967453750000004,-0.18195837500000006,0.18212499999999987,0.05587499999999999,-41.42021874999995,0.0313051875,-0.0312499999999999,0.004687499999999988
GGCAC,2.3735913113186284,-3.4022682199096757,-0.01159883704369611,-5566.2254649999995,32.1657125,8.6884094375,-8.6883125,-0.66275,-110.01492250000007,-9.324182125,9.3243125,0.7508125,-60.44482562500002,-0.12908493750000002,0.12918750000000007,0.0285625,-40.96988312500008,0.003467062499999944,-0.003312499999999819,0.0023125
GGCAG,2.221595311845532,-2.711572997960733,0.41846216089224886,-5567.643596875,45.35279125,8.6983453125,-8.6985,-0.661375,-109.56432937500013,-9.3571904375,9.357,0.7799375,-60.11597937500006,-0.16216168750000043,0.16200000000000028,0.015187499999999994,-41.61056625000014,0.017099624999999844,-0.017187499999999467,0.0015625
GGCAT,2.076771698172984,-2.7193025767145707,0.7112415234914935,-5566.958758125,33.405605625,8.714349,-8.7143125,-0.640625,-104.35854437500002,-9.3416155,9.341687499999999,0.7908125,-61.494806250000074,-0.15214956250000017,0.1521250000000001,0.023062499999999993,-41.739446875,-0.0008319374999999935,0.0007500000000000374,0.0041875
GGCCA,2.2544858566283503,-2.260019558671659,0.20371866416132733,-5562.8651418750005,32.677293125,8.6893315,-8.68925,-0.643375,-107.70570687500012,-9.347328687500001,9.3475,0.79575,-59.70332437500007,-0.16247918749999993,0.16256250000000058,0.011187499999999994,-41.29292500000014,-0.007940624999999812,0.008062500000000413,0.0086875
GGCCC,2.7437351069189497,-2.256745007652374,0.24954485185254996,-5564.36823625,22.028603125,8.6833449375,-8.6834375,-0.619125,-110.38573937500013,-9.3666180625,9.3666875,0.8030625,-60.43841687500014,-0.1493363125,0.14931250000000015,0.0151875,-40.687980000000096,-0.01854206250000022,0.018312499999999832,0.002375
GGCCG,3.1436566036034956,-3.5121198646639282,-0.8818122160981323,-5566.636650625,33.42857,8.6652625,-8.66525,-0.6670625,-115.74608812499982,-9.3125004375,9.3124375,0.7215,-59.463333750000174,-0.16639037500000012,0.1665625000000005,0.013999999999999988,-41.33814374999997,-0.007130312500000188,0.007250000000000093,0.001875
GGCCT,2.6061634928203996,-2.4712905082507954,-0.07586180524856662,-5562.3726675,25.267070625,8.6806575,-8.6808125,-0.6386875,-105.57479874999999,-9.310397625,9.310375,0.774625,-59.791268749999915,-0.1604642499999998,0.16024999999999995,0.0054374999999999875,-41.508110625000214,-0.0324368749999999,0.03231249999999971,0.0022500000000000003
GGCGA,2.2191473286084267,-2.9610993984828373,-1.3081055384451565,-5569.807531875,41.335429375000004,8.6858994375,-8.685875,-0.648875,-110.70863687499988,-9.28953325,9.28975,0.7748125,-57.58933375000009,-0.20440193749999988,0.20443749999999974,0.0051875,-41.26935125000006,-0.005697749999999849,0.005812500000000206,0.0363125
GGCGC,2.9439857492242454,-3.205404093621937,-1.3301549206652228,-5566.49264625,30.15640625,8.6893875625,-8.6895,-0.6188750000000001,-118.12711874999981,-9.287798500000001,9.28775,0.7509375,-59.73061312499999,-0.17147137499999993,0.17143750000000008,0.01687499999999998,-39.62140874999983,-0.04056243749999981,0.04049999999999989,0.02356249999999999
GGCGG,3.611801245943549,-2.7258672294785957,-1.17316926601751,-5572.30399,44.33886375,8.664518625,-8.6645625,-0.64825,-117.12377249999994,-9.2978795625,9.29775,0.7523125,-57.91531187499992,-0.2013861875,0.20137499999999975,0.005062499999999975,-40.674969374999876,-0.05311281249999984,0.053000000000000005,0.006437499999999981
GGCGT,3.0576568974715097,-3.8612650551316277,-0.41537901205903777,-5573.924083125,30.632560625,8.6867291875,-8.68675,-0.60675,-110.68861875000006,-9.2600318125,9.2599375,0.7669374999999999,-59.34411687500006,-0.17237475,0.17237500000000025,0.01925,-41.50152687500003,-0.013942624999999756,0.014000000000000231,0.0074375000000000005
GGCTA,-0.21869021942849193,-1.4037693190563942,1.4518029842502282,-5551.534676875,37.741413125,8.814343875,-8.81425,-0.644,-100.08669625000002,-9.4191725,9.41925,0.7796875,-67.97734312499996,-0.04209350000000001,0.04225000000000001,0.04168750000000001,-36.67581625000014,-0.029879499999999944,0.0299999999999998,0.017499999999999995
GGCTC,1.2330985118778637,-2.742529880559725,0.5919776960248979,-5569.669593125,23.90913625,8.7797966875,-8.77975,-0.6210625,-107.83934937499994,-9.3678318125,9.3676875,0.8045,-66.35848937499999,-0.07563368750000003,0.07562499999999978,0.05968749999999998,-38.57963562499994,-0.03713112500000048,0.037187500000000165,0.0236875
GGCTG,1.2099797956135048,-2.1311904535148263,-0.13831606682609912,-5563.561635625,35.1550925,8.783437750000001,-8.78325,-0.669125,-109.93500062499987,-9.42680325,9.4270625,0.7181875,-67.83852499999989,-0.06618724999999984,0.06637499999999973,0.021562499999999974,-36.49966937499989,-0.03940274999999983,0.0396249999999999,0.004124999999999988
GGCTT,0.2503549466166804,-2.127248006931473,0.8103432340848897,-5554.499260625,33.009603125,8.7961584375,-8.796125,-0.647875,-99.92513187499993,-9.324758,9.32475,0.7668125,-64.36206000000008,-0.057926437500000046,0.058062499999999906,0.021312499999999995,-37.59515874999988,-0.04662675000000016,0.04668749999999976,0.009749999999999995
GGTAA,-1.0821589959089597,1.4015062676285617,-0.07783201009801859,-5552.031205,45.5882775,8.7665265,-8.7664375,-0.6443125000000001,-94.400925625,-9.444657812500001,9.444625,0.8385625,-115.89534062499993,-0.04937143749999994,0.04943749999999992,-0.00075,27.4100287500001,-0.10231643749999998,0.10256249999999995,0.006999999999999994
GGTAC,-0.016304964226954197,0.40838983264766265,-1.98260803986673,-5556.160363125,36.172803125,8.695288,-8.6953125,-0.6598125,-100.82304312500004,-9.4474308125,9.447375,0.7625,-115.893015,-0.0463975000000003,0.04637499999999995,0.0001875,26.894243124999946,-0.09174637500000007,0.09174999999999997,0.012937499999999994
GGTAG,-0.6402055828099544,1.2401423489270402,-0.975719703881323,-5557.65184,48.14443,8.75045325,-8.7505,-0.66425,-101.54634624999994,-9.481917625,9.481875,0.8100625,-116.15358937499987,-0.03811918749999998,0.03806249999999977,-0.00075,27.33821125000014,-0.10187362500000013,0.1016874999999998,0.0073124999999999996
GGTAT,-0.5427816018729787,1.244607255529735,-0.6166351056658046,-5560.7141,34.737241875,8.748673875,-8.748625,-0.6383125,-96.0905525,-9.4795745,9.4795625,0.8385625,-115.51469937499981,-0.034708812499999825,0.034749999999999816,-0.0005625000000000001,26.0503968750001,-0.10345168749999997,0.10349999999999983,0.00525
GGTCA,0.6013845488780357,0.865014337747475,-1.788356584542279,-5561.531226875,34.35979625,8.695418375,-8.6954375,-0.6484375,-101.559261875,-9.4320461875,9.432,0.796125,-115.34956249999993,-0.05217100000000007,0.05212500000000008,0.00075,24.548963749999974,-0.13924650000000008,0.13912499999999975,0.004625
GGTCC,0.872209357790525,0.4481264967760859,-2.314553385909013,-5562.201065,22.999882500000002,8.6816041875,-8.6815625,-0.631625,-104.98477687499997,-9.404148187499999,9.4041875,0.7966875,-116.36001687499994,-0.037133562499999884,0.03731250000000064,-0.0001875,25.226378124999925,-0.14710868749999995,0.1471875000000007,0.005937499999999988
GGTCG,1.1985843441862325,-0.12689682842750794,-3.3407720807503245,-5563.68978,37.13079125,8.660038125,-8.6600625,-0.6701875,-110.06200687499994,-9.33513175,9.3351875,0.747375,-115.61736375000007,-0.03125093749999985,0.031187500000000024,-0.000125,25.424679374999876,-0.17446587499999974,0.17443750000000013,0.004562499999999988
GGTCT,-0.06679636329479786,0.5489917544348408,-1.6621799894603069,-5558.836275,23.74680875,8.7298216875,-8.7298125,-0.6731875,-99.91913875000007,-9.4141969375,9.4141875,0.7931874999999999,-114.22419124999988,-0.024746437500000176,0.024812499999999675,-0.00025,24.259056874999995,-0.13852731250000044,0.13850000000000018,0.004249999999999987
GGTGA,-0.3180390020484049,0.4440503279617197,-1.5465337056189175,-5560.36124,46.00475125,8.7297011875,-8.7298125,-0.6585,-103.76309437500011,-9.3991846875,9.399000000000001,0.802125,-115.57918187500006,-0.021030937500000062,0.020874999999999633,0.0013124999999999999,24.76744437499986,-0.12027806249999998,0.12006249999999981,0.0063750000000000005
GGTGC,0.14672833206276845,-0.8746199823882609,-2.5274868458131627,-5568.853359375,31.871204375,8.7542396875,-8.75425,-0.6411250000000001,-113.05069312499994,-9.392876062500001,9.392687500000001,0.7698125,-115.58866874999994,-0.02303743749999965,0.023187499999999802,0.001375,24.014561875000087,-0.10578024999999992,0.1057499999999999,0.012124999999999981
GGTGG,0.024051855267108856,0.07796046478336204,-2.2534240203071727,-5567.45506375,48.73903,8.7363335625,-8.736437500000001,-0.652,-111.54304375000007,-9.413123125,9.413,0.7825,-115.60074937500006,0.0007245625000000745,-0.0007500000000000436,-0.000875,24.515993124999913,-0.12547518750000003,0.12549999999999975,0.004375
GGTGT,-0.11300324761907288,-0.5278535118654943,-1.9287585360478385,-5568.28452125,31.030289375,8.7483795,-8.748375,-0.627,-105.3155975,-9.37607275,9.37625,0.796,-115.41050562500013,-0.004666062500000019,0.004562499999999787,-0.0010625,24.187491249999887,-0.11377281249999963,0.11374999999999985,0.0053750000000000004
GGTTA,-0.7531563699907236,1.1530120473175973,-0.7486286732514598,-5555.0204243749995,42.254645625,8.7274478125,-8.7274375,-0.6535,-93.05575187499986,-9.4476131875,9.4475625,0.8124375,-122.14435687499994,-0.03850768750000023,0.03850000000000021,0.0006875000000000001,26.976731874999988,-0.10023793750000011,0.1003124999999999,0.005687499999999994
GGTTC,0.09502980672282473,-0.08927885133810638,-1.7685057127605224,-5557.50867,28.89803,8.70249775,-8.702562499999999,-0.63075,-99.13527312499994,-9.3693151875,9.3690625,0.7828125,-125.39547874999988,-0.050901999999999885,0.05075000000000006,-0.0001875,27.245532500000074,-0.1105841250000001,0.1104999999999998,0.006125
GGTTG,0.32398685474214767,-0.34249411152525,-2.362719084123847,-5559.119980625,41.120467500000004,8.69968375,-8.6996875,-0.6590625,-101.93089062499983,-9.3741971875,9.37425,0.7259375,-123.25331874999993,-0.048114375000000154,0.04831250000000033,-0.0005,27.538316874999957,-0.11623006249999981,0.11631250000000012,0.003375
GGTTT,-1.2666748216408923,0.4287840443706405,-1.1770263754856458,-5554.2163675,33.113834375,8.7502390625,-8.75025,-0.679625,-94.10516875000008,-9.4205154375,9.4205,0.790875,-120.09379499999974,-0.013280812500000112,0.013437500000000088,-0.00018750000000000006,25.843470000000032,-0.09124381249999967,0.09125000000000026,0.010750000000000001
GTCAA,-0.2535896270008854,-2.0652109289763088,1.4619728776337206,-5559.2001199999995,55.33131625,8.7737638125,-8.773625,-0.658625,-97.05121624999984,-9.3256551875,9.3258125,0.804375,-59.888840000000016,-0.032749937499999986,0.03293749999999995,0.029749999999999988,-39.69570562500007,-0.01066587500000025,0.010874999999999956,0.008687500000000006
GTCAC,0.6658808102943574,-2.6419721188501093,-0.1842471949979775,-5559.309126875,45.9501975,8.7432886875,-8.7431875,-0.6799375,-103.79555249999991,-9.3282250625,9.32825,0.7184375000000001,-59.048625625000234,-0.032792874999999604,0.03293750000000018,0.01975,-39.79225062500001,-0.028707625000000014,0.0288124999999999,0.007125
GTCAG,0.037419370989154516,-1.5807830895270996,0.7804686330320533,-5559.111885,61.190456875,8.7620175625,-8.762,-0.676875,-103.49391187500007,-9.352899875,9.3528125,0.7913125,-58.68955437499995,-0.03610249999999982,0.03606249999999977,0.0091875,-38.92358687499995,-0.02100637499999976,0.020999999999999876,0.0036875000000000002
GTCAT,0.5365244861354321,-0.9182596454253887,0.6749195422409211,-5557.17492875,47.234979375,8.7530353125,-8.7530625,-0.68225,-97.8820193749999,-9.3757255,9.375625,0.784,-60.24734937499989,-0.06810343750000003,0.06806249999999975,0.008999999999999994,-40.40066125000004,-0.05789718750000015,0.05787499999999998,0.005499999999999994
GTCCA,1.6207013776408339,-0.3334223970037292,0.3416762366885198,-5557.0181193749995,48.239661874999996,8.710624062499999,-8.710625,-0.6638125,-101.02418812499987,-9.394388,9.39425,0.7848125,-58.34848750000004,-0.10343193750000004,0.10325000000000012,0.0165,-38.80310874999984,-0.09025831250000001,0.09024999999999993,0.0085625
GTCCC,2.419701587157707,0.40980422239930114,0.1263089116677185,-5557.9966375,37.09854,8.684169375,-8.6843125,-0.652875,-103.88035999999987,-9.4602466875,9.460125,0.7965625,-59.47487312499993,-0.11463856250000012,0.11456250000000019,0.015562499999999993,-38.2981425,-0.10898481250000008,0.10875000000000012,0.005687499999999994
GTCCG,2.701686632289261,-0.8219786153899545,-0.9947627387863034,-5561.672024375001,49.567765,8.6855605,-8.6855625,-0.67875,-109.13699062499988,-9.3805870625,9.3805,0.7264375,-58.51102687499992,-0.12592112500000027,0.1258749999999996,0.012187499999999988,-38.59802437499996,-0.11565768750000038,0.11574999999999977,0.007124999999999994
GTCCT,2.2141274475857626,0.3358700412587123,0.12600758818288363,-5556.39116125,41.260406875,8.67931925,-8.6794375,-0.6829375,-99.33076749999977,-9.3810558125,9.381,0.80525,-57.74694874999999,-0.1346857500000001,0.1345625000000001,0.0074375,-39.578133124999894,-0.12751106250000002,0.12750000000000003,0.00525
GTCGA,1.8516129727586959,-0.9922284008495967,-0.6289991436796037,-5555.062525,55.63473375,8.69322625,-8.693125,-0.67725,-103.49335124999996,-9.2720360625,9.27225,0.7593125000000001,-58.26718062500004,-0.1333109374999996,0.1333750000000002,0.009750000000000007,-38.91235499999993,-0.12118274999999992,0.1213124999999996,0.0165625
GTCGC,3.199264972432018,-0.9913002541351622,-1.7739922459047828,-5565.029968125,42.765988125,8.6670974375,-8.6670625,-0.659375,-112.25830249999969,-9.3445998125,9.344687500000001,0.7395625,-58.8688337499999,-0.1499455000000002,0.15000000000000013,0.016624999999999994,-37.69407875000014,-0.13952474999999975,0.13950000000000012,0.021374999999999998
GTCGG,2.9632404915076016,-1.1103876963692576,-1.2295141094501438,-5568.301100625,54.134598125,8.673307125,-8.6733125,-0.6749375,-110.1476906250002,-9.31398525,9.314,0.7565,-58.22550812499998,-0.14542743750000028,0.14543749999999997,0.0036249999999999876,-38.86163999999991,-0.12709231250000042,0.12700000000000022,0.005749999999999994
GTCGT,2.9127118090238744,-0.44332025647826434,-0.4729024247157619,-5556.770261875,46.654856875,8.6682226875,-8.66825,-0.6564375,-105.6136193749997,-9.331679,9.33175,0.770125,-59.0630793749998,-0.16769831250000022,0.16775,0.0095625,-39.932805624999894,-0.1306846250000002,0.13075000000000012,0.0090625
GTCTA,-0.8337929276670628,-1.3609983292887875,1.1840731485453746,-5550.836233125,48.45075375,8.7921233125,-8.792125,-0.6789375,-92.81175375000008,-9.3677619375,9.3676875,0.7715,-65.50888375000022,-0.021540937499999867,0.021562500000000043,0.0193125,-36.9250268750002,-0.02423743749999996,0.02418750000000004,0.011749999999999995
GTCTC,0.30758933010922584,-1.5855927768917328,0.6225938744772038,-5555.080871875,37.4344,8.765445125,-8.7655625,-0.6615625,-99.942959375,-9.37065075,9.3705,0.7695,-63.944740000000074,-0.041498437500000256,0.041374999999999836,0.018125,-36.57910500000014,-0.040769250000000215,0.040749999999999835,0.007374999999999994
GTCTG,0.20266718475113843,-2.2595883829604886,-0.15973193988951573,-5561.849113125,44.866180625,8.774492375,-8.774375,-0.6816875,-102.82458375000007,-9.345569125,9.3458125,0.7366875,-65.58984625,-0.029590437500000018,0.029812500000000054,0.006749999999999994,-36.10403374999987,-0.03304156250000003,0.03318750000000002,0.004937499999999994
GTCTT,-0.007044333179869042,-0.9103502423951624,0.6985214227405474,-5550.479958125,45.566084375,8.751758625,-8.751687500000001,-0.6646875,-93.23282124999997,-9.3313190625,9.3315,0.79075,-60.94043999999991,-0.06025418750000003,0.06031249999999984,0.02281250000000002,-36.94211375000003,-0.06906587499999996,0.06899999999999956,0.02181250000000002
GTTAA,-2.915563609592969,0.2076976664222574,0.521360407317518,-5545.962699375,60.216693750000005,8.78683025,-8.786875,-0.638875,-86.51224875000014,-9.3706701875,9.370625,0.831,-114.67086875,-0.00427018750000015,0.004312500000000131,0.00018750000000000006,29.44672375000009,-0.023860875000000007,0.0238750000000002,0.015687499999999986
GTTAC,-1.6031601887239575,-0.15074013272371015,-0.7732159726596434,-5551.0037731249995,49.401989375,8.7421708125,-8.74225,-0.6530625,-94.194654375,-9.4276983125,9.4278125,0.765625,-114.178760625,-0.004286875000000081,0.004187499999999638,-0.0008125000000000001,29.7491425,-0.02957143750000003,0.029499999999999756,0.0090625
GTTAG,-2.48325372278723,0.018234420289985474,0.22730499281580477,-5551.168510625001,62.632630625,8.7944195,-8.794375,-0.65925,-93.39613437500023,-9.405374875,9.405625,0.8086875,-114.51112250000018,0.0015773750000000128,-0.0015625000000003874,-0.0015,29.519378749999863,-0.023726500000000095,0.023874999999999976,0.005874999999999987
GTTAT,-2.916899981957972,0.13487225554249463,0.26554522646011786,-5550.359885,51.775885,8.8110398125,-8.8111875,-0.6486875,-87.75165499999991,-9.425461375,9.42525,0.8051875000000001,-118.57724937499994,0.021923375000000092,-0.021937500000000186,-0.0014375,28.84432375000005,-0.02425962499999989,0.024187499999999914,0.0096875
GTTCA,-1.7074438058186412,-0.0953436598619754,-1.2682063228113987,-5549.036426875,51.8368225,8.722623125,-8.72275,-0.64625,-93.67987999999988,-9.344310125,9.3441875,0.7841875,-115.196189375,0.0063284375000002314,-0.006375000000000032,-0.0016875,28.824308749999886,-0.0672843124999996,0.0672499999999998,0.017375000000000005
GTTCC,-0.37897163821583946,0.8860595907356001,-2.0381646226605805,-5552.06688875,39.98929125,8.6807065,-8.680625,-0.629625,-98.46504687500013,-9.4070099375,9.407,0.7860625,-116.300913125,-0.0052706250000001,0.005437499999999975,-0.001,29.39595250000008,-0.12089887499999999,0.12093750000000003,0.0160625
GTTCG,-0.27217652382954677,-0.6483821008339932,-2.5927302384843616,-5556.411906875,52.76808,8.684034875,-8.684125,-0.6721875,-102.78997812499995,-9.2994205,9.2994375,0.73525,-114.92653437500006,-0.002307937499999681,0.002312500000000381,-0.00075,28.394990000000014,-0.11907787499999954,0.1190000000000003,0.007375
GTTCT,-1.4904676966386152,0.09684009047687125,-1.0676851387298376,-5550.467705625,41.517684375,8.7289853125,-8.7290625,-0.6487499999999999,-92.47326624999985,-9.345302625,9.3451875,0.799875,-113.52174125,0.012492187500000014,-0.012562499999999905,-0.0015625,27.483228750000073,-0.09020787499999995,0.08999999999999997,0.01125
GTTGA,-2.1629059587894295,-0.7078304050015236,-0.6853530931969211,-5551.4714025,58.92103,8.7624491875,-8.7624375,-0.649875,-95.27242375000009,-9.3341125,9.3341875,0.791375,-113.86960375,-0.0001916250000003245,0.00031249999999979406,-0.0004375,27.767321874999936,-0.03293337500000013,0.03281249999999978,0.015374999999999995
GTTGC,-1.9575140101277122,-1.7435680234862885,-1.2590346028728858,-5557.797760625,46.20686875,8.799905875,-8.7999375,-0.640125,-104.88211312499983,-9.331139,9.331125,0.7748125,-114.07705312499981,0.014178812499999763,-0.014187499999999489,0.0026249999999999876,28.334971250000073,-0.02723837500000037,0.027250000000000444,0.01668749999999998
GTTGG,-1.4506483864955577,-0.6162842232492128,-0.9784747068553559,-5556.30118,59.931983125,8.76948825,-8.7695,-0.6560625,-102.7032231249998,-9.377687375,9.377749999999999,0.774625,-113.51653687500024,-0.011406562500000344,0.011499999999999812,-0.0006875,28.090037499999823,-0.04678387500000002,0.04687499999999989,0.008249999999999993
GTTGT,-2.449139725316893,-1.2481680834197433,-0.3087391544533687,-5557.171623125,48.16200125,8.8060811875,-8.806125,-0.6528125,-98.93387000000018,-9.2996544375,9.299375,0.8314375,-113.59284625,0.02903568750000017,-0.0290000000000002,-0.000875,27.66742812499995,-0.038800187500000034,0.03868749999999967,0.0065625
GTTTA,-2.796706339817814,-0.33957228543716356,-0.09472774310951192,-5547.3988475,59.34330625,8.7924243125,-8.792375,-0.65825,-86.89596187499995,-9.3715934375,9.371625,0.7711875,-119.45454562499994,-0.0018041249999996938,0.0018750000000000498,-0.0036875000000000002,30.90720500000021,-0.02139468749999973,0.02150000000000009,0.011124999999999987
GTTTC,-2.2639604145018626,-1.393825859772793,-0.5474156972921985,-5552.384324375,44.343723125,8.78830075,-8.7883125,-0.639875,-93.44654562499994,-9.3020576875,9.302125,0.782375,-122.33705749999994,0.005002499999999912,-0.005000000000000219,-0.0014375,31.534664374999906,-0.032010625000000174,0.03206250000000001,0.006875
GTTTG,-2.474260987910154,-2.37667164072107,-1.0109825684939715,-5556.159798125,56.137599375,8.816758,-8.81675,-0.6809375,-97.39763624999983,-9.269914,9.2698125,0.730375,-122.53664249999987,0.002482500000000075,-0.0025000000000004376,-0.0015625,31.443648125000045,-0.01848612500000024,0.018562499999999708,0.0053749999999999935
GTTTT,-3.5491948741150305,-1.1971174181391573,0.46200445453914496,-5544.34707,51.80464875,8.8392218125,-8.8393125,-0.677875,-88.78845625000002,-9.281286375,9.2813125,0.7990625,-118.72408687500007,0.019290062500000125,-0.019312499999999958,-0.0014375,29.65412812500005,-0.021051187500000013,0.0209999999999998,0.007249999999999987
TACAA,0.14415583071799995,-1.2923345799402648,3.027618180691741,-5554.015795,60.509339375,8.8682731875,-8.8681875,-0.668125,-91.37586624999994,-9.3178260625,9.3179375,0.7991875,-59.8933306249999,-0.16272587500000002,0.16268749999999998,0.028062499999999987,-41.62980937500004,-0.06232268750000004,0.06243749999999983,0.0011250000000000001
TACAC,0.2997481528838738,-2.417819633263445,0.8523777302251405,-5563.470879375,50.963490625,8.7813851875,-8.7814375,-0.6623749999999999,-97.6585362499999,-9.31673525,9.316749999999999,0.7566875,-59.34662187499999,-0.031019312500000007,0.03093750000000018,0.02618749999999999,-41.304919375,-0.03934506249999969,0.039250000000000014,0.002624999999999975
TACAG,0.2427807125712187,-0.7221167489319138,1.7210867941871422,-5562.161416875,64.26568,8.851148625,-8.8511875,-0.6825,-97.21337562500017,-9.37752675,9.3773125,0.789,-59.26497437500001,-0.11336662499999992,0.1133749999999998,0.011625,-41.709693125,-0.07992168749999956,0.07981249999999963,0.002
TACAT,2.608816068116658,0.1838993122090487,2.3365821123278634,-5558.139344375,52.24115625,8.7900151875,-8.79,-0.662,-91.62360562499998,-9.4029584375,9.4028125,0.764625,-60.21205499999996,-0.20188606249999988,0.20193749999999974,0.048374999999999974,-41.99055499999997,-0.16216049999999999,0.16225000000000003,-0.007125000000000006
TACCA,3.0071240374707586,2.027713529851569,0.8132374483525409,-5554.349108125,50.846338124999996,8.7134075,-8.7135,-0.670125,-94.798258125,-9.4845468125,9.4844375,0.77425,-58.88509375000012,-0.19019718749999995,0.19012500000000038,0.0174375,-40.968047500000004,-0.19094149999999988,0.19093750000000026,0.0014375
TACCC,2.7646499264254687,1.5738197984556432,0.8506496125839496,-5553.594929375,40.458715,8.7002253125,-8.700125,-0.646375,-98.0327974999999,-9.5518076875,9.5518125,0.771375,-59.10820375000002,-0.14370712500000019,0.14387500000000014,0.0225625,-40.269749999999995,-0.13070668750000008,0.13087500000000002,0.002
TACCG,3.010029701950122,0.42804217110708975,-0.4364223348011667,-5558.9901375,53.87648625,8.67515,-8.6750625,-0.689875,-103.05094687500005,-9.436844,9.437,0.732,-58.840581250000184,-0.1521533749999997,0.15231250000000007,0.011375,-40.88337250000002,-0.14103924999999967,0.14112499999999992,0.00125
TACCT,2.668778293744988,0.9844547620885437,0.9884276140773348,-5556.1090756250005,43.239379375,8.733242125,-8.7331875,-0.6760625,-94.70814687500008,-9.4588424375,9.458874999999999,0.7690625,-58.275308750000185,-0.18584468750000024,0.18593749999999987,0.0194375,-42.24585750000012,-0.15276681250000004,0.15281249999999993,0.0011250000000000001
TACGA,2.676026171119388,-0.1235984904230368,0.6119170619955177,-5557.31596125,58.992859375,8.704576625,-8.7045625,-0.662625,-97.25186562500005,-9.331704437500001,9.331625,0.7835624999999999,-58.80900437500014,-0.23171174999999994,0.23162499999999975,0.022499999999999996,-40.81821437499997,-0.1305773749999998,0.130625,0.015124999999999994
TACGC,3.5632069390924586,0.2638831940184464,-0.2735614544060038,-5564.244661875,48.169524375,8.7474535,-8.7474375,-0.6453125,-106.18378875000019,-9.388472375,9.3884375,0.7518125,-59.25845875000004,-0.22622081249999995,0.22618750000000018,0.026437499999999992,-40.34429125000014,-0.200080875,0.20025000000000026,0.016187499999999994
TACGG,3.100476736219836,0.8282468413646606,0.3194593700593993,-5561.0978725,62.879051875,8.6954029375,-8.695500000000001,-0.681,-104.29171374999996,-9.448114625,9.448,0.775875,-58.49390437500012,-0.2031710624999998,0.203125,0.0134375,-40.05954375000005,-0.13602856249999987,0.13612499999999964,0.0026249999999999876
TACGT,3.4251698310594776,0.3937617933846324,0.022050872484298795,-5561.612465625,50.44713625,8.7099481875,-8.7099375,-0.6641875,-98.10477374999991,-9.3965976875,9.396625,0.749875,-58.99085312499995,-0.24740699999999982,0.24737499999999993,0.013250000000000001,-40.762429999999995,-0.16185931250000005,0.16181250000000005,0.010500000000000013
TACTA,0.45119671378135523,2.468396767370859,2.316123327612468,-5543.933698125,59.76664875,8.861174,-8.86125,-0.6760625,-87.77368250000012,-9.4801200625,9.48,0.797625,-61.166878750000194,-0.1620013750000001,0.16187500000000019,0.018250000000000006,-38.111106249999985,-0.18527400000000033,0.18524999999999997,0.013687499999999976
TACTC,-0.6533492960428434,-0.41108628300591044,1.8448111823540556,-5548.47666125,45.939243125,8.84265875,-8.8426875,-0.66025,-94.13507249999984,-9.4114248125,9.4113125,0.7958125,-62.61369062499999,-0.06159612500000031,0.06168750000000021,0.0174375,-37.62534250000011,-0.0572510000000004,0.05725000000000033,0.013125000000000006
TACTG,0.3208146073255859,-0.3125069543831205,1.3449485113170503,-5556.1185925,57.3353325,8.8497755625,-8.84975,-0.6890625,-97.44223624999987,-9.416364875,9.416375,0.75325,-62.612489374999946,-0.10995518750000005,0.10993749999999988,0.0101875,-37.56606937499993,-0.09505849999999991,0.09506249999999983,0.002624999999999975
TACTT,1.1384630172219796,0.9483974893483964,2.2251701234871986,-5549.580228125,50.4180125,8.842005125,-8.842,-0.685625,-88.45776812500003,-9.390866875,9.390625,0.7713125,-60.775866874999956,-0.15561568749999993,0.1554374999999996,0.0086875,-39.35915062500004,-0.1752675000000001,0.17537500000000011,-0.011625000000000014
TATAA,-4.6177200903389695,0.28450062735409076,1.409956446314652,-5545.492815,65.11202312500001,8.92711225,-8.9271875,-0.6459375,-80.11716187499998,-9.3311500625,9.3310625,0.8286875,-116.292171875,0.04908831249999982,-0.04906250000000035,-0.001187499999999975,25.460090624999957,-0.06872293749999983,0.06868749999999976,0.014562499999999994
TATAC,-2.310518038331555,0.5768284772462509,-0.07843976646175127,-5547.289411875,51.426790625,8.768461875,-8.768437500000001,-0.65725,-87.05757500000004,-9.455324625,9.45525,0.786625,-116.40526375000013,-0.004632937499999894,0.0048125000000000745,-0.000624999999999975,25.81458875,-0.029870625000000043,0.02993750000000005,0.013624999999999988
TATAG,-4.081166085867983,0.504750557306742,1.126309643446865,-5548.521639375,66.62741,8.868575,-8.868500000000001,-0.670125,-86.18637687500001,-9.4191069375,9.419125,0.8266249999999999,-116.39557312499987,0.0709425000000003,-0.07087500000000031,-0.0015,26.486646250000096,-0.031056437499999867,0.031187499999999587,0.004124999999999987
TATAT,-4.581619795845547,0.17672443926248385,1.064110895660839,-5550.3481175,54.779426875,8.944999875,-8.9450625,-0.6468125,-80.75485062499996,-9.3780463125,9.378125,0.799,-115.60282562499994,0.10576781250000003,-0.10581250000000017,-0.0013124999999999751,24.964170625000055,-0.08053287499999992,0.08062500000000003,0.006249999999999987
TATCA,-2.3460806060897523,1.5196548031574972,0.366806225237243,-5548.09189375,54.434028125,8.81405975,-8.8140625,-0.66925,-87.43960624999994,-9.443787562499999,9.44375,0.818625,-117.04727312500006,-0.003402500000000075,0.003312499999999832,-0.000625,23.87556000000001,-0.09974499999999988,0.0996875,0.007624999999999994
TATCC,-1.6831183017472326,1.6244881121573291,0.07003356645541638,-5549.6665575,40.02173375,8.7763691875,-8.7764375,-0.6464375,-91.07570749999998,-9.526943875,9.5269375,0.823375,-117.26272437499993,-0.015672312500000007,0.015562499999999925,-0.000625,23.551640625,-0.06607449999999987,0.06606250000000007,0.010624999999999982
TATCG,-1.7422297545683734,0.20794129618408333,-0.5049178567973343,-5553.432578125,54.344306875,8.7623196875,-8.7623125,-0.6940625,-96.55985625000005,-9.3893879375,9.3894375,0.8109375,-116.68970249999981,-0.015829500000000257,0.015874999999999955,-0.0009375,23.264936875000092,-0.06315637500000006,0.06306249999999991,0.0068125
TATCT,-2.443914070811752,0.829395903697543,0.32948947342035656,-5553.59592625,42.166149375,8.8344201875,-8.8343125,-0.667,-86.79757625000008,-9.443724375,9.4438125,0.8215625,-114.81190812499987,-0.001337000000000112,0.0014999999999996995,-0.0014999999999999875,21.46914125000005,-0.07726937499999996,0.07756249999999983,0.009624999999999993
TATGA,-2.273066023046915,1.5054196821015786,-0.08519601418880048,-5551.024379375,64.125731875,8.8224926875,-8.8225,-0.6704375,-89.25844875000013,-9.443403,9.4436875,0.793125,-115.82702062500019,0.0012518750000000258,-0.0013125000000002867,2.4990860075790877e-17,24.067453124999986,-0.11517049999999994,0.11524999999999985,0.010874999999999982
TATGC,-3.253321677570647,-1.5383761149537167,-0.3271960625808648,-5557.557394375,50.012063125,8.9121693125,-8.9121875,-0.647,-99.229826875,-9.3510611875,9.350875,0.7695625,-116.36506312500006,0.03418056249999976,-0.03418750000000038,-0.0011875,23.72495500000002,-0.03499218749999998,0.035062499999999656,0.01568749999999997
TATGG,-1.3578448091986726,2.2785285045723325,-0.34497334597237,-5553.4988525,66.747979375,8.78819375,-8.788125,-0.6784375,-96.56475437500006,-9.5678110625,9.567875,0.7847500000000001,-116.35777187499968,-0.025834187499999755,0.02593750000000005,-0.0013125,24.21594312500008,-0.09778668750000005,0.09787499999999981,0.0070625
TATGT,-2.385522864030884,0.19128109989275774,-0.03264255301874375,-5555.328849375,51.810362500000004,8.849823125,-8.8499375,-0.6714375,-91.48522999999989,-9.368808375,9.3686875,0.801375,-116.09786999999994,0.004782437500000181,-0.004875000000000299,-0.002624999999999975,22.862118125000006,-0.1000268125000002,0.09993749999999985,0.0053749999999999935
TATTA,-4.211508639681123,1.4308584831372027,1.6997336096708584,-5540.502235,62.83184375,8.946941562500001,-8.9469375,-0.6745,-79.56864500000012,-9.413979062500001,9.414125,0.8023125,-119.54468187499994,0.017003562500000232,-0.017062499999999644,-0.0003125000000000064,27.285331249999956,-0.10449749999999974,0.10437500000000026,0.006999999999999976
TATTC,-3.1919799807260163,-0.04080969363623158,0.7909714979402253,-5546.49019375,47.493613125,8.840508375,-8.840625,-0.659875,-85.91666874999981,-9.4106024375,9.410625,0.807375,-120.80728812499981,-0.00453556250000005,0.0043125000000000125,-0.0033125000000000003,26.535981250000123,-0.014626750000000344,0.014562500000000025,0.008374999999999974
TATTG,-3.775803636793111,-1.161642080999895,0.9040563972422068,-5549.71044625,61.212685625,8.9258440625,-8.9260625,-0.694125,-89.48140875000014,-9.3313229375,9.330937500000001,0.7644375,-120.96022687500013,0.00048306250000021265,-0.0006250000000000127,-0.0015625,26.36468249999997,-0.029786187500000037,0.02949999999999995,0.0018124999999999875
TATTT,-4.4017405172862025,0.3413961286946838,1.4550769857603707,-5543.691585625,52.178724375,8.9464395625,-8.9465,-0.6991875,-81.969064375,-9.337044625,9.3370625,0.8231875,-117.58619249999981,0.02079149999999997,-0.020874999999999855,-0.001375,25.472850000000165,-0.0880056874999999,0.08781250000000027,0.008687499999999999
TCCAA,1.8202552222096404,1.5770375515747268,2.2305314883057337,-5547.43421125,67.902439375,8.7623105625,-8.76225,-0.65375,-94.44554687499995,-9.3916214375,9.3918125,0.8248125000000001,-59.948064375000044,-0.1877118125,0.18768749999999967,0.024812499999999956,-38.19254375000003,-0.1675269375000001,0.16762499999999986,0.0013124999999999626
TCCAC,0.7011260164120284,-0.4448847221822907,1.0283007936628699,-5551.68907625,58.0537025,8.7259595625,-8.725999999999999,-0.6663125,-101.07719437500003,-9.370619187500001,9.370625,0.80425,-59.59815687500002,-0.060780249999999765,0.060624999999999894,0.015687500000000007,-38.944412500000006,-0.06551381249999998,0.06562500000000009,0.002875
TCCAG,1.804655866946113,2.211079547400035,1.3080897618949645,-5551.77957375,71.617075,8.7588275625,-8.75875,-0.682125,-101.05513999999985,-9.46164925,9.4618125,0.821625,-59.38239937499998,-0.17648206249999987,0.17656249999999984,0.0030625,-38.62279687500005,-0.16473537499999968,0.16481250000000028,0.0025625
TCCAT,2.981305560437252,4.465147091710677,1.5211456074979066,-5548.729033125,61.1576825,8.7257913125,-8.7258125,-0.6655625000000001,-95.17076187500004,-9.6089205,9.609,0.8238125,-60.17423187499997,-0.217883125,0.21793750000000012,0.010562499999999989,-39.60696187500003,-0.22272887499999994,0.2226875,0.003374999999999994
TCCCA,3.2367024806806706,4.262950563916813,0.9148111085200749,-5548.523815625,59.2853875,8.6871449375,-8.687125,-0.6598125,-98.20134124999993,-9.58339625,9.583375,0.8204375,-59.44452312499981,-0.19093762499999975,0.19093749999999948,0.008437500000000007,-39.18219624999985,-0.22794562500000012,0.22799999999999962,0.0026875
TCCCC,3.317903556569945,5.212783551886898,0.9170754913464105,-5547.775045,47.56651875,8.655606375,-8.655625,-0.6503125,-101.19279499999999,-9.780921625,9.7808125,0.821625,-59.96466250000002,-0.15333137500000024,0.15331249999999993,0.007249999999999987,-39.078009999999885,-0.16944706250000025,0.16931250000000006,0.0018749999999999936
TCCCG,2.999370687616682,1.6163396204460747,-0.30209760652122514,-5553.7438062500005,59.135358124999996,8.659868187499999,-8.659875,-0.6885,-106.12998687500021,-9.4448333125,9.44475,0.7814375,-59.16812312500001,-0.15809068750000013,0.15806249999999977,0.004249999999999987,-39.17602000000011,-0.1700835625000002,0.17006249999999962,0.0028125
TCCCT,3.3872968045014797,5.291626530685623,0.9874918806700501,-5546.177665,52.634388125,8.6717984375,-8.67175,-0.6723750000000001,-96.09619125000023,-9.722887437499999,9.7229375,0.8019375,-58.41136375000002,-0.1808995625,0.18093749999999995,0.008749999999999987,-39.68665624999994,-0.21272931250000007,0.2127500000000002,0.0011875
TCCGA,3.1994779828101,1.6088767291007604,-0.027452869826383605,-5550.271875,66.560333125,8.64861475,-8.6485625,-0.6678125,-100.08632999999996,-9.384982625,9.3850625,0.78575,-58.47056499999986,-0.22844393750000014,0.22843750000000032,0.0050625,-38.170001249999935,-0.174597375,0.17456250000000026,0.01225
TCCGC,4.829379273281077,2.9214447518689015,-0.9310771808492184,-5556.955098125,53.325093125,8.6479724375,-8.6479375,-0.6506875,-109.50272187500006,-9.4533374375,9.45325,0.7879375,-59.418922500000065,-0.23945412499999974,0.2395,0.0106875,-37.352324375000016,-0.28215049999999964,0.28212499999999996,0.0098125
TCCGG,3.2460164432959204,1.6334248611216236,-0.06678638385459555,-5555.8413525,66.55211,8.66026425,-8.6603125,-0.6699375,-106.7113068750001,-9.4635691875,9.4636875,0.7880625,-58.50005375,-0.2020891875,0.202,0.005062499999999987,-37.681159999999984,-0.14947506250000017,0.14943750000000028,0.006874999999999975
TCCGT,3.9471954924901063,2.055877690792343,0.2250531953312807,-5554.210466875,58.74358875,8.642221125,-8.64225,-0.648125,-102.86203999999987,-9.4395105,9.4393125,0.8093125,-58.47769312499991,-0.24709487499999974,0.24706249999999988,0.0064375,-39.10997187500003,-0.18270968749999994,0.18268750000000006,0.006
TCCTA,1.2038271490276249,3.3897277674761983,1.5775821413949092,-5541.236863125,65.408129375,8.7699504375,-8.7699375,-0.6749375,-91.51558937500006,-9.5039055625,9.5039375,0.8090625,-62.513786875000044,-0.15156506250000032,0.1515625,0.0056249999999999694,-37.63206187500009,-0.19745018750000026,0.19737500000000024,0.008499999999999999
TCCTC,1.516246781414409,2.8128181650971102,1.0244406624786537,-5552.05165,50.529479375,8.734111562499999,-8.7340625,-0.653125,-98.27251749999999,-9.607144625,9.607,0.8221875000000001,-63.44399687499992,-0.11142018750000049,0.11137499999999982,0.0065,-37.352824375000075,-0.1259375000000001,0.12606250000000005,0.008812500000000001
TCCTG,2.7290475226708972,2.1193218977123465,-0.16814359496364448,-5558.764185,59.18630125,8.7115381875,-8.7115625,-0.6821875,-101.50899375000006,-9.45398575,9.45375,0.7907500000000001,-63.22690562499996,-0.17168518749999986,0.17162499999999986,0.004,-36.56110750000005,-0.20746862499999982,0.2074374999999997,0.0068125
TCCTT,2.3817216524491545,5.060785147642701,0.9379073341962048,-5543.5181825,57.459653125,8.724434500000001,-8.7244375,-0.6698125,-91.21027812500023,-9.61860075,9.6185625,0.8063125,-61.7895218750001,-0.1723634374999997,0.1724374999999998,0.004124999999999994,-37.40234687500015,-0.24823424999999982,0.24825,0.010437499999999994
TCTAA,-4.197901542388085,0.3487261516292525,1.6012761225658678,-5544.95040875,72.25540562500001,8.91758175,-8.9176875,-0.664625,-85.74570562500007,-9.300641375,9.300625,0.8444375,-116.498996875,0.02851243749999998,-0.028625000000000112,-0.0014375,30.576926250000046,-0.08456600000000018,0.08437499999999991,0.0035625
TCTAC,-2.2848926174504136,0.8642229111049023,0.2490368131565831,-5548.73542625,59.966880625,8.75474125,-8.7548125,-0.6770625,-93.7269637500002,-9.4413075,9.4411875,0.841,-116.522026875,-0.0018067499999998187,0.0018749999999999312,-0.0016875,30.814383750000157,-0.030239437499999692,0.03018749999999982,0.0049375
TCTAG,-4.048226023255601,0.24522468404601538,1.3571944344210167,-5550.344735625,73.20508375,8.904981875,-8.905,-0.68175,-93.26243812499989,-9.365313125,9.3653125,0.8556875,-116.21154124999988,0.03281662499999993,-0.03281249999999992,-0.0016250000000000001,30.717550625000243,-0.045716999999999855,0.045750000000000096,0.0033125
TCTAT,-3.53476826962162,1.427388510638593,0.990639424584037,-5547.2766075,62.62029375,8.8855563125,-8.885625000000001,-0.68775,-86.87895125000006,-9.417071875,9.417,0.831125,-114.85213750000005,0.035204062499999966,-0.035187499999999816,-0.001375,29.61245937499983,-0.10434206249999993,0.10412500000000006,0.0039375
TCTCA,-2.3804990520498075,1.2410867554845768,-0.1840610187786556,-5554.392304375,63.22993625,8.828712375,-8.828687500000001,-0.66825,-95.04281437499995,-9.41361475,9.4136875,0.8295,-117.69848625,0.009359125000000018,-0.009375000000000244,-0.0008125000000000001,27.97354374999992,-0.1141205625000003,0.11412499999999988,0.010875
TCTCC,-1.3566098836901344,2.873346775713905,-0.1241047261631065,-5554.70590125,50.64815625,8.7683756875,-8.768437500000001,-0.64925,-98.44649250000012,-9.64933075,9.6493125,0.8413125,-118.0011275,-0.0051102500000003125,0.0051249999999998,-0.0013125,28.180425624999994,-0.07226112499999997,0.07225000000000013,0.008749999999999994
TCTCG,-1.5476046723789607,-0.24814751178354266,-1.0770571359753647,-5561.18086375,61.70951,8.7849935625,-8.785,-0.6865625,-103.26664687500003,-9.3234041875,9.3233125,0.811375,-117.556369375,0.0033964999999998,-0.003375000000000225,-0.0011875,27.81569499999995,-0.1051752500000003,0.1051875000000001,0.003125
TCTCT,-1.9296928030481166,2.7362885925405735,0.3057031882616425,-5552.70542,51.491355625,8.801204125,-8.801124999999999,-0.677625,-91.7955624999999,-9.583616875,9.583625,0.8440625,-113.88955999999993,-0.004327187500000044,0.0043125000000001565,-0.0010625,27.01373000000002,-0.09529249999999964,0.09525000000000018,0.007812500000000007
TCTGA,-2.1671255213773937,0.37201089038297697,0.14078088657492238,-5552.931105,68.411650625,8.8184593125,-8.818375,-0.674875,-94.98774000000007,-9.323250125,9.32325,0.8250625,-115.67696125000006,-0.0135408750000001,0.013499999999999832,0.0005625000000000001,28.038546874999955,-0.10694318749999998,0.1070624999999999,0.002562500000000006
TCTGC,-2.6878722066059173,-0.6290836074860181,-0.5298140228661159,-5559.38188375,57.434904375,8.8693194375,-8.8694375,-0.665125,-105.45404624999979,-9.341065625,9.34075,0.8225625,-116.37359562499994,0.03140393750000015,-0.03162500000000014,0.0020625,28.591993124999973,-0.07916975000000002,0.07893749999999992,0.012187499999999988
TCTGG,-1.6423596886288248,1.336859283837474,-0.036822442120575075,-5557.241560625,69.738265625,8.7948260625,-8.79475,-0.674625,-102.49925375000004,-9.450420875,9.4505625,0.8530625000000001,-115.69080062499981,-0.02885081250000032,0.028999999999999894,-0.0013125,27.63455500000008,-0.08633281250000024,0.08637500000000002,0.005625
TCTGT,-2.7503055952135567,0.49740153308391266,0.28175597169962235,-5556.4416525,59.402874374999996,8.8695385625,-8.869375,-0.6566875,-97.55359749999997,-9.3423908125,9.3428125,0.8628125,-114.69069562499993,0.02009231250000018,-0.019937500000000056,-0.0015625,28.155323749999912,-0.1127853124999999,0.11287499999999981,0.0073749999999999875
TCTTA,-3.4553068122078074,2.038188181584909,0.9825358904397427,-5541.111045,70.13373375,8.8684555,-8.8685,-0.6840625,-85.17385687500013,-9.382248375,9.38225,0.8360625,-121.01307374999988,0.015578249999999913,-0.015562500000000043,-0.0015625,31.40188062499999,-0.1382038124999997,0.13818750000000013,0.005625
TCTTC,-2.6878197905768335,1.5124602935353764,0.31458449072596983,-5552.18122,56.208916875,8.8106295,-8.810625,-0.6583125,-92.61886187500002,-9.5058225,9.505875,0.8446875,-123.44987562500006,0.013370749999999893,-0.013437499999999887,-0.0013125,32.12167749999986,-0.05180637500000041,0.05181250000000003,0.009125
TCTTG,-3.0817592286414923,0.09415528061665197,-0.0368009820548925,-5549.9756275,69.762885625,8.846797625,-8.84675,-0.6869375,-95.33040250000019,-9.3163881875,9.3165,0.811125,-125.49923250000006,0.013784375000000156,-0.013750000000000137,-0.001375,31.453047499999848,-0.09026337499999995,0.09037499999999972,0.006312499999999987
TCTTT,-2.3070878802009007,4.105074519537205,0.4486210398937392,-5542.341976875,62.056250625,8.8174869375,-8.8175,-0.7070625,-86.56240499999988,-9.5681966875,9.5681875,0.8295625,-118.5404875,-0.0003160000000000064,0.0003749999999998001,-0.0011875,29.478804375000095,-0.170310875,0.1703749999999999,0.0065
TGCAA,1.218805922113977,-2.865672937448847,2.605695299073727,-5557.971603125,54.941731875,8.798036,-8.7979375,-0.6505625,-100.05624687500013,-9.2825111875,9.282625,0.7996875,-60.855916874999984,-0.21186850000000013,0.21200000000000024,0.03843749999999999,-40.906220000000125,0.005459812500000262,-0.005312499999999819,0.0036874999999999937
TGCAC,0.6233184777540908,-3.2218262461790346,-0.05233984931575394,-5564.864315625,45.207513125,8.7654775,-8.7656875,-0.6640625,-106.83569499999993,-9.29864825,9.29825,0.745375,-61.04341187500001,-0.04664449999999976,0.04637500000000021,0.027125000000000014,-40.70189437499995,-0.019450374999999794,0.019249999999999757,0.0126875
TGCAG,0.8600156054987207,-2.7326863732245137,1.303317248435493,-5564.664533125,58.884210625,8.8006949375,-8.800625,-0.6754375,-106.58405312499994,-9.301656625,9.301625,0.7919375,-60.57858500000005,-0.16378743749999997,0.16381250000000003,0.01325,-41.024096875000055,0.001099437499999981,-0.0011250000000003876,0.0049375
TGCAT,1.2036051080846233,-1.9466797926399144,1.1854094050883195,-5562.453495625,46.239775,8.798329625,-8.7984375,-0.66175,-100.41712187500009,-9.3344851875,9.3345,0.781,-62.512285625000075,-0.17547731250000026,0.17537500000000011,0.012,-41.67366625000004,-0.03891756250000019,0.038750000000000374,0.007
TGCCA,1.931085401242663,-0.8098430286859304,0.7017743162235088,-5557.3345337499995,44.765360625,8.7405928125,-8.7405625,-0.6605,-103.77369874999994,-9.366313375,9.3663125,0.7943749999999999,-60.67564187500005,-0.1769986250000003,0.17706250000000007,0.0150625,-40.11799437499997,-0.07948750000000042,0.07943750000000015,0.0105625
TGCCC,2.3635486405149893,-0.403148234291965,-0.38866157278481306,-5557.867708125,34.033993125,8.70086325,-8.7009375,-0.6445625,-106.90786874999985,-9.3964216875,9.396375,0.7826875,-61.198253750000106,-0.13606074999999973,0.13599999999999982,0.010375,-39.47410937500007,-0.10649550000000012,0.10637499999999989,0.014125000000000006
TGCCG,2.4303936554314034,-1.859237971357237,-0.8867202040978286,-5562.973360625,47.030261875,8.714335875,-8.71425,-0.6821875,-111.94967750000006,-9.3356799375,9.336,0.7251875,-60.44452812499987,-0.1435793124999998,0.14368749999999988,0.009562499999999988,-40.7405081249999,-0.08335349999999989,0.08349999999999967,0.008125
TGCCT,2.920730561100369,-0.12161823145032247,-0.0019176643067909428,-5558.093495625,37.289885625000004,8.700663625,-8.700625,-0.6753125,-102.38352750000007,-9.3726600625,9.372625,0.7735,-60.529288750000035,-0.19006537499999987,0.19018749999999993,0.0055625,-41.10411312499992,-0.13541131250000005,0.1354999999999999,0.002562499999999994
TGCGA,2.4297731259984325,-1.5415382776976703,-0.30943245409380765,-5559.805721875,54.97557625,8.710909375,-8.7108125,-0.6635,-106.03334562500004,-9.262611375,9.262875,0.773375,-59.719362499999875,-0.22473393750000012,0.2248124999999999,0.013374999999999993,-40.27248249999997,-0.09697668750000003,0.09706250000000013,0.022875
TGCGC,3.3423246812533867,-1.9848365853578904,-1.148395354156521,-5569.838470625,41.708853125,8.7279844375,-8.728125,-0.6478125,-115.60721437500007,-9.28255275,9.282499999999999,0.7541875,-60.181163125000005,-0.21087181250000037,0.21075000000000024,0.0126875,-40.05100375000013,-0.1282768750000002,0.1282500000000001,0.0165
TGCGG,3.722186439344596,-0.5688775105531104,-0.8432886298074842,-5564.0975,57.056023125,8.662475375,-8.6624375,-0.6608125,-112.17481937500013,-9.3298660625,9.3298125,0.763875,-59.231157499999945,-0.21134981250000007,0.2113750000000002,0.004,-39.93438625000005,-0.13844350000000022,0.13862500000000028,0.0045
TGCGT,3.30161460217007,-1.7010587255480938,-0.5623448262144791,-5568.64186625,44.26498,8.7227048125,-8.722875,-0.6350625,-108.04219874999994,-9.2835525,9.2834375,0.76625,-60.64772874999994,-0.24145325000000006,0.24125000000000008,0.013625000000000007,-40.94817812499998,-0.12046993749999985,0.12024999999999982,0.017812500000000005
TGCTA,-0.9563590059756283,-1.3415080851582488,2.353972048461041,-5552.207395625,49.562783125,8.903171375,-8.9030625,-0.6714375,-96.86274687499991,-9.3755465625,9.375562500000001,0.7938125,-69.02950062500007,-0.08935993749999988,0.0893749999999998,0.0360625,-36.57461625000007,-0.04700606249999973,0.04718750000000004,0.015937499999999993
TGCTC,0.21104673493315254,-2.2106389147296706,0.9807300823572564,-5561.898108125,37.17028875,8.8376751875,-8.8378125,-0.6458125,-104.25519875,-9.3571321875,9.3570625,0.7791250000000001,-67.03491687500002,-0.05961299999999969,0.059625000000000046,0.04287499999999998,-36.555444375000036,-0.054791749999999945,0.05462499999999967,0.01718750000000001
TGCTG,0.40200644337602925,-2.737061965404342,1.019700429188217,-5567.20736125,48.084016250000005,8.8695660625,-8.8696875,-0.68225,-107.31864875000002,-9.3689748125,9.368875,0.73175,-69.8248193749999,-0.07321181250000028,0.07318750000000003,0.04231249999999999,-36.408586874999905,-0.04849193750000038,0.04837499999999984,0.0034374999999999874
TGCTT,1.0851541911276918,-0.3820850801130312,1.0154852671387844,-5555.471990625,43.515475625,8.8250713125,-8.825125,-0.6681874999999999,-97.19073375000004,-9.35996975,9.3598125,0.766875,-65.62675500000005,-0.14048268750000037,0.14043750000000008,0.022375,-36.76832187500014,-0.14076693749999997,0.14068750000000027,0.0095625
TGTAA,-1.258985592623081,1.512489997991504,-0.8122621170396953,-5556.701908125,59.4606875,8.774909375,-8.7748125,-0.6555624999999999,-90.01745437499994,-9.413124,9.413125,0.8089999999999999,-115.79978687500012,-0.05572218750000036,0.05575000000000008,-0.002375,25.860925000000055,-0.13485125000000012,0.13499999999999987,0.018624999999999992
TGTAC,-1.4028359449162013,-0.2725753876513835,-1.7166881770512419,-5555.76766375,49.14035375,8.7404694375,-8.7404375,-0.6778125,-97.30547249999996,-9.388827375,9.3889375,0.7665,-116.30525437499988,-0.030255500000000064,0.030312500000000395,-0.0015,27.59231625000007,-0.058712249999999806,0.058812500000000045,0.022000000000000013
TGTAG,-1.0821590223765307,1.2680475351572524,-1.0984847887410625,-5559.688791875,60.68877625,8.7800805,-8.7800625,-0.6838125,-97.70257937499984,-9.417773875,9.4179375,0.8066875,-116.37186562499987,-0.04748481249999991,0.04743750000000002,-0.0011250000000000001,26.400895625000157,-0.1368381249999998,0.1368124999999999,0.013624999999999986
TGTAT,-1.6025754016773461,1.318070463494984,-1.0410943712874043,-5555.804470625,50.253884375,8.796855375,-8.7968125,-0.67475,-91.55702562499998,-9.415881125,9.415875,0.8039375,-116.36284250000013,-0.04090675000000011,0.04093750000000007,-0.0008125000000000001,26.364951874999925,-0.13636843750000005,0.1365,0.022937499999999975
TGTCA,-0.588048240363716,0.48412106744185185,-2.539535034420635,-5559.0799425000005,47.596619375,8.73077675,-8.7306875,-0.677375,-97.47362000000012,-9.3079326875,9.308,0.7736875,-116.14875124999988,-0.019504124999999876,0.019562500000000142,6.25e-05,25.4525662499999,-0.18335949999999995,0.18349999999999994,0.020687499999999994
TGTCC,0.024723575074054083,0.052813432684572184,-2.8947029011540386,-5562.78737375,36.825459375,8.694766,-8.69475,-0.6585,-101.10922062499996,-9.334276749999999,9.3345,0.7748125,-117.83349187500012,-0.023840562499999864,0.023749999999999827,-0.001,25.507090624999936,-0.15421456250000018,0.15424999999999967,0.018562500000000006
TGTCG,0.12697645917788783,-0.04221310796965434,-3.271476233598199,-5557.84799375,52.5399325,8.678579,-8.678625,-0.6975,-105.5449518750002,-9.28847425,9.2884375,0.74,-116.79863437499993,-0.020033749999999857,0.020062500000000306,-0.00025,25.686763124999974,-0.1747544374999997,0.1746875,0.014124999999999987
TGTCT,-0.8089596975994156,0.7305090948555791,-1.9302605093823328,-5555.645544375,38.078594375,8.748955875,-8.748875,-0.6850625,-95.5348081249998,-9.3663994375,9.366624999999999,0.7751875,-115.20742000000007,-0.015105562499999938,0.0151874999999998,-0.000875,25.103329375000158,-0.16249331250000007,0.16249999999999987,0.014937500000000012
TGTGA,-1.1877805261727816,0.3582135998183593,-2.1330301481482543,-5560.760071875,57.38175375,8.7578283125,-8.7576875,-0.678625,-98.71569312499994,-9.3184883125,9.3184375,0.788,-115.59127624999999,-0.004666375,0.00481249999999975,-0.0011250000000000001,25.139024375000133,-0.15618893750000018,0.15624999999999975,0.020374999999999976
TGTGC,-0.883669598612413,-0.8013152172101883,-2.452473664095229,-5563.899665625,44.884331249999995,8.78922575,-8.7893125,-0.6624375,-108.55748687499997,-9.3220335625,9.3219375,0.7684375,-116.56071749999981,-0.01731187499999997,0.01724999999999987,-0.00031250000000000006,25.145129375000007,-0.12635606250000006,0.12637499999999996,0.021249999999999995
TGTGG,-0.9302948634798794,-0.0916795971043343,-2.0955483204296437,-5561.52667625,60.903969375,8.7598658125,-8.7598125,-0.685625,-106.02035062499978,-9.33671525,9.336625,0.779625,-116.05267937499981,-0.022031687499999963,0.022062500000000217,-0.0004375,25.3383062500003,-0.12595118749999992,0.12599999999999997,0.0164375
TGTGT,-1.4833672005200575,-0.3244301137643659,-2.117035712720812,-5564.1690825,44.623041875,8.8021899375,-8.8021875,-0.6505625,-101.33797187500008,-9.3162300625,9.31625,0.8008125,-116.21491062500006,-0.006592124999999855,0.006625000000000218,-0.0022500000000000003,24.455447500000044,-0.13410206249999973,0.13406250000000006,0.027875000000000004
TGTTA,-2.3233089293230456,1.0750390040101798,-1.12426468329026,-5551.16467125,57.316890625,8.813970125,-8.813812500000001,-0.680875,-90.20013812499987,-9.3731981875,9.373375,0.786,-122.8022675,-0.017492812500000014,0.0175624999999997,-0.0006875,27.723702500000105,-0.13778375,0.1378125,0.025437499999999977
TGTTC,-2.0330138289913204,-0.5992107810311746,-1.5975391831035732,-5556.7420624999995,42.453391875,8.789474875,-8.7895,-0.663375,-97.23753062499998,-9.3516084375,9.3518125,0.78675,-122.46790562499994,-0.018192937500000148,0.018187499999999794,-0.0009375000000000001,27.115615625000093,-0.06698131250000006,0.06706249999999976,0.0275625
TGTTG,-1.7383308521946617,-0.7257453208654125,-1.6943956694994893,-5558.93437125,56.00796125,8.814746,-8.8148125,-0.6885625,-100.2197587500001,-9.30470975,9.3046875,0.7540625,-123.77575624999987,-0.020033875000000093,0.020062500000000205,-0.0015,27.284423124999936,-0.1134454375000002,0.11331250000000015,0.014562499999999994
TGTTT,-2.3460408128039494,0.5899204545275346,-0.8129124783266981,-5551.360803125,47.490798125,8.8298351875,-8.8298125,-0.7058125,-90.94490749999987,-9.351365,9.351375,0.78975,-119.8322831249998,-0.012044062500000006,0.012062500000000089,-0.0015624999999999875,26.5162168750001,-0.13346274999999985,0.13362499999999997,0.015875000000000007
TTCAA,1.1252221959329576,1.1877958708075587,2.5522533408039614,-5551.0614399999995,67.10315875,8.800167875,-8.800125,-0.64325,-91.02588124999983,-9.338723375,9.33875,0.86125,-60.606376250000025,-0.19260687500000018,0.19275,0.016937499999999987,-39.583841250000035,-0.15677743750000012,0.15687500000000026,0.006124999999999994
TTCAC,-0.15498442291507922,-0.7937638314313002,1.3239291914186908,-5551.3253425,58.62753625,8.746325125,-8.7463125,-0.6564375,-95.89923062499983,-9.340092,9.3400625,0.8174375,-59.40717937500011,-0.03649668749999981,0.036499999999999734,0.016437500000000008,-38.884295625000114,-0.04544499999999997,0.04543749999999989,0.008812500000000001
TTCAG,1.212693245152797,1.3758966527028182,1.8217186064795243,-5553.689604375,71.535785625,8.793871750000001,-8.7938125,-0.6624375,-96.29310187499993,-9.38548825,9.3854375,0.8343125,-59.22133062500008,-0.16923299999999997,0.16931249999999998,0.00175,-39.019665625000016,-0.15228606249999962,0.15237499999999976,0.0011875
TTCAT,2.237937718352772,3.61594249883768,1.751543687535811,-5553.2065175,59.02751875,8.761848375,-8.76175,-0.654375,-90.75238250000012,-9.51781325,9.5179375,0.84775,-60.33552375000018,-0.19678743749999988,0.19687499999999994,0.004312499999999987,-40.03398562500007,-0.21828337499999995,0.21837500000000032,0.0028749999999999874
TTCCA,2.4768222566765665,3.459840582845822,1.0776275370841744,-5549.426613125,58.2796275,8.7145081875,-8.714625,-0.6456875,-93.98456374999996,-9.5141706875,9.5141875,0.8281875,-59.183664375000035,-0.17284212499999993,0.1726874999999998,0.0094375,-39.28032500000011,-0.2135060625,0.21343749999999975,0.00875
TTCCC,2.75986699416482,4.926121914788137,1.3182757592306036,-5545.04801375,47.93943625,8.664723875,-8.66475,-0.635,-96.1219949999999,-9.7251999375,9.7251875,0.838125,-59.731415624999954,-0.14451006249999995,0.1444374999999997,0.006437500000000006,-38.33391125000003,-0.1620039375,0.1619999999999995,0.003874999999999994
TTCCG,2.6660569409571093,1.4555424982261362,0.21945621975727717,-5553.17328,60.438556874999996,8.6786515625,-8.678625,-0.661625,-101.72269812500029,-9.4127695,9.4128125,0.7955625,-59.09557437500013,-0.15725700000000006,0.15737499999999974,0.0046249999999999685,-38.91135937500007,-0.16644237500000025,0.16643749999999993,0.0028749999999999813
TTCCT,2.8667472991505805,5.4208794384735155,1.4218392335679142,-5541.62433125,51.776156875,8.678343125,-8.6783125,-0.6630625,-91.36392812499986,-9.703094625,9.7030625,0.81825,-58.60283812500007,-0.17530268750000005,0.17524999999999963,0.0036875,-39.17473374999995,-0.20431443749999975,0.2043124999999998,0.0016875
TTCGA,2.442302378637473,1.235244585134631,1.0658951102272656,-5547.711033125,66.429424375,8.6939201875,-8.693875,-0.6494375,-95.5080799999999,-9.313657875,9.3136875,0.8235625,-58.288338124999946,-0.21834762499999993,0.21831249999999988,0.00925,-38.3821299999999,-0.17395075000000007,0.17406249999999987,0.0089375
TTCGC,3.233961614106463,2.074244573118971,-0.03140413382330513,-5550.717863125,55.262971875,8.6984736875,-8.6985625,-0.6375625,-104.6260518749999,-9.368389625,9.3683125,0.8155625,-59.28759749999988,-0.20171481249999976,0.20162500000000014,0.009999999999999993,-37.69371937499988,-0.24347031250000006,0.24349999999999994,0.014062499999999999
TTCGG,3.266185228493319,1.4629796957364325,0.20601370575200167,-5554.213563125,67.841000625,8.665523,-8.6654375,-0.6498125,-102.56071437499982,-9.3963073125,9.396375,0.7906875,-57.88619874999994,-0.2065174999999997,0.20662500000000011,0.0026249999999999876,-37.80554749999987,-0.17184487499999987,0.171875,0.002687499999999975
TTCGT,2.8191755399845304,1.1184135608263188,0.8995572733330623,-5553.290825625,57.78421375,8.67450375,-8.6745625,-0.632,-98.34286124999997,-9.3569560625,9.356875,0.847375,-59.23069812500001,-0.23217868749999981,0.23206249999999976,0.009562499999999995,-39.300131875000034,-0.14515518750000006,0.14512499999999978,0.013062500000000006
TTCTA,-0.06463408509130619,1.8434524383226272,2.07144931139203,-5543.63521625,61.734463125,8.8295495,-8.8295625,-0.660125,-85.77414562500009,-9.3680735625,9.368125,0.8314374999999999,-65.09208625000001,-0.12640162499999996,0.12637500000000015,0.01025,-35.96993249999986,-0.17859693749999994,0.17874999999999974,0.013624999999999988
TTCTC,0.6681085664633845,2.774140805078805,1.9047760661625783,-5548.2117475,49.702988125,8.787417,-8.7875,-0.637375,-92.03599750000001,-9.578707249999999,9.578625,0.8385,-63.828173750000026,-0.10908175000000007,0.10893749999999998,0.009125,-36.30441124999993,-0.1251790625,0.12506249999999994,0.01125
TTCTG,1.1380924757973143,0.586344018101536,1.047852164219327,-5554.49406,58.804193749999996,8.7797175625,-8.7796875,-0.651,-95.3902306250002,-9.355670875,9.3559375,0.800625,-64.5283100000002,-0.12887249999999967,0.12893749999999998,0.0015625,-36.195805000000284,-0.14890431249999986,0.148875,0.0015625
TTCTT,1.5390981151486023,4.7670061348896065,1.969984633568378,-5541.085829375,58.241441875,8.7734705625,-8.773375,-0.670875,-85.507546875,-9.5612804375,9.5613125,0.8369375,-61.426634374999814,-0.17525125000000005,0.17531249999999976,0.012250000000000006,-37.275036249999964,-0.24577031250000017,0.24587499999999993,0.011937500000000005
TTTAA,-5.276481206921644,0.2530607215490846,1.2386361277000528,-5542.163836875,74.12764125,8.9425011875,-8.942499999999999,-0.6616875,-80.9477443749999,-9.2730213125,9.2729375,0.834,-115.49721499999994,0.06711012500000037,-0.06712499999999999,-0.0035624999999999936,29.871751875000037,-0.08474356249999955,0.08462500000000017,0.019312500000000014
TTTAC,-2.8053805657245645,1.4256113505766785,-0.2795592439317613,-5545.8494843749995,61.041141875,8.761708375,-8.761750000000001,-0.6629375,-89.026543125,-9.4820370625,9.4819375,0.8230625,-115.44290624999988,0.0001489375000001083,-0.00018750000000023753,-0.002125,29.81871000000007,-0.03195306249999984,0.031812499999999924,0.02718749999999997
TTTAG,-4.879737603920316,0.24799910756997742,1.2169864290190207,-5546.57577625,74.967564375,8.9215461875,-8.9215,-0.6758125,-88.21924000000014,-9.3615266875,9.361625,0.834625,-115.31900062499982,0.07453950000000018,-0.0744999999999999,-0.0014375,30.026738750000113,-0.04306093749999972,0.04306249999999989,0.011937499999999993
TTTAT,-4.963472222465019,1.2571276073900008,0.8800681718668688,-5545.229993125,64.0182475,8.9365918125,-8.9365625,-0.6623125,-81.81575375000006,-9.3830231875,9.383125,0.8316250000000001,-115.31902625000012,0.09715756250000002,-0.09724999999999985,-0.0034999999999999996,29.033070624999993,-0.10581437500000004,0.10581250000000002,0.01868749999999999
TTTCA,-2.1313534062548736,2.518115733894578,-1.3404928103624065,-5549.17318125,61.983858125,8.770275250000001,-8.77025,-0.6595625,-89.15382812499996,-9.3948005625,9.394875,0.824,-116.05270375000006,0.025141875000000313,-0.0249999999999999,-0.0036249999999999998,28.802768125000064,-0.18831031249999955,0.18831249999999988,0.027187499999999993
TTTCC,-1.2079302483249375,4.366056326647419,-1.9820462223728803,-5547.1539825,51.1558575,8.6951034375,-8.695125,-0.6458125,-92.57197875000008,-9.619311,9.619250000000001,0.82475,-117.64115875,0.008050125000000019,-0.008000000000000337,-0.001875,29.891501249999976,-0.16312431250000006,0.16318749999999987,0.03931249999999998
TTTCG,-1.7184689093492422,1.0148757930745278,-2.1632447579410043,-5552.23908125,63.472685,8.7260071875,-8.7259375,-0.6736875,-97.15353875000005,-9.3145414375,9.314562500000001,0.8098125,-115.91138937499994,0.013549999999999719,-0.01343749999999975,-0.0035625,29.238145624999962,-0.1513654375000005,0.15150000000000016,0.02856249999999997
TTTCT,-1.925561081835595,3.930275229395135,-0.861362531970469,-5548.638883125,53.1512,8.7485129375,-8.7485625,-0.6685,-86.69182437500001,-9.5512565,9.55125,0.8486875,-114.40158187499993,0.025225437499999726,-0.02518750000000025,-0.0029999999999999875,28.003218124999993,-0.1690568750000002,0.16899999999999962,0.024937499999999998
TTTGA,-3.236671816971361,0.2896546017410045,-0.06031426599820952,-5548.003511875,69.4947,8.839556,-8.8395625,-0.658375,-89.96933749999987,-9.27196325,9.2718125,0.82875,-114.16540937500007,0.019474999999999902,-0.019562499999999813,-0.0016875,28.5593925,-0.11108624999999986,0.111,0.018875
TTTGC,-4.2563354130979105,-1.165660469263782,-0.7991882980228168,-5553.42433625,57.419308125,8.90157625,-8.901625,-0.6531250000000001,-99.24463125000005,-9.284540312499999,9.284625,0.8224375,-114.3660375,0.052679187499999995,-0.05262499999999969,-0.00025000000000000006,28.94604375000007,-0.04832274999999986,0.04818750000000015,0.039749999999999966
TTTGG,-2.4954186591567007,0.8269803376308928,-0.4262441154421464,-5551.061346875,70.766356875,8.813574062499999,-8.8135625,-0.6615,-97.22214562500004,-9.373467875,9.3735625,0.8265625,-113.95923562499993,-0.011214625000000032,0.01112500000000017,-0.002,28.843557500000145,-0.09195281250000009,0.09187500000000032,0.021499999999999995
TTTGT,-4.114054160949218,-0.012553845887235968,-0.016213635521804815,-5553.9322225,60.013373125,8.9114824375,-8.9115625,-0.6534375,-93.71891750000009,-9.297691625,9.2975,0.8496875,-114.372565625,0.07556462499999975,-0.07562499999999998,-0.001624999999999975,28.047178750000118,-0.10562487500000015,0.10543750000000005,0.022187500000000013
TTTTA,-4.766023376678909,1.2314926888406696,0.6256261375754917,-5539.57361875,70.324625,8.927063375,-8.927,-0.6666875,-81.41079812499989,-9.2901873125,9.2901875,0.8176875,-121.63585000000012,0.07532012499999985,-0.07512499999999984,-0.0015625,31.32583375000001,-0.1537633749999999,0.15393750000000006,0.01849999999999999
TTTTC,-3.4156735276332557,1.583743270981042,0.34544026443784515,-5546.241020625,56.17235125,8.8184011875,-8.818375,-0.648375,-87.93906750000005,-9.471036625,9.4710625,0.856125,-122.50144124999981,0.014499062499999849,-0.014374999999999674,-0.0015625,31.465821250000143,-0.048058625000000015,0.04812500000000031,0.024312499999999987
TTTTG,-4.500095896989922,-1.415957183426306,-0.012437106978402307,-5548.213918125,69.659985625,8.9071420625,-8.9070625,-0.691375,-91.47004250000008,-9.2257418125,9.2258125,0.7843125,-123.02369187500007,0.04924524999999999,-0.04918750000000017,-0.0016874999999999876,31.341596875,-0.055275062500000166,0.055437500000000146,0.015999999999999993
TTTTT,-4.496430332449023,2.0365742622047285,1.0044037831960886,-5538.31637625,64.64141000000001,8.91422225,-8.9143125,-0.697,-83.0953731250001,-9.4121676875,9.412062500000001,0.8206875,-119.328168125,0.07251656249999983,-0.07262500000000038,-0.0016875,29.793180625000062,-0.13050625000000024,0.13049999999999973,0.010687499999999994
