group,context,n_mut,n_sites,rate,centre,cpg,rate_norm
MMR_def,AACAA,25,12246,0.0020414829332026786,C,False,0.5828219698974214
MMR_def,AACAC,20,7823,0.00255656397801355,C,False,0.7298722069143625
MMR_def,AACAG,29,13384,0.0021667662881052004,C,False,0.6185890539675758
MMR_def,AACAT,24,10221,0.002348106838861168,C,False,0.670359879623253
MMR_def,AACCA,58,12650,0.00458498023715415,C,False,1.3089637783876733
MMR_def,AACCC,38,7260,0.005234159779614325,C,False,1.494297730291048
MMR_def,AACCG,40,12912,0.0030978934324659233,C,False,0.8844160896361615
MMR_def,AACCT,26,8037,0.003235037949483638,C,False,0.923569411110909
MMR_def,AACGA,29,9059,0.003201236339551827,C,True,0.9139194059280311
MMR_def,AACGC,72,16874,0.00426691952115681,C,True,1.2181607792395288
MMR_def,AACGG,28,11858,0.0023612750885478157,C,True,0.6741192768230292
MMR_def,AACGT,31,10841,0.0028595148049072963,C,True,0.8163614911697389
MMR_def,AACTA,1,3637,0.00027495188342040145,C,False,0.0784958794980899
MMR_def,AACTC,5,6628,0.0007543753771876886,C,False,0.21536625960663314
MMR_def,AACTG,9,14376,0.0006260434056761269,C,False,0.1787288274632009
MMR_def,AACTT,3,7432,0.00040365984930032295,C,False,0.1152406540909121
MMR_def,ACCAA,21,9125,0.0023013698630136984,C,False,0.6570169631151354
MMR_def,ACCAC,27,11452,0.002357666783094656,C,False,0.6730891434538009
MMR_def,ACCAG,24,16358,0.0014671720259200392,C,False,0.4188622282448508
MMR_def,ACCAT,15,10972,0.0013671162960262487,C,False,0.3902973665711168
MMR_def,ACCCA,28,7148,0.00391717963066592,C,False,1.1183137079697092
MMR_def,ACCCC,25,3687,0.0067805804176837535,C,False,1.9357846062825663
MMR_def,ACCCG,33,9056,0.0036439929328621907,C,False,1.040321770454974
MMR_def,ACCCT,11,4553,0.002415989457500549,C,False,0.689739655409638
MMR_def,ACCGA,14,10135,0.0013813517513566848,C,True,0.394361439791193
MMR_def,ACCGC,79,15492,0.005099406145107152,C,True,1.4558269807016317
MMR_def,ACCGG,40,13182,0.0030344409042633897,C,True,0.8663010582143921
MMR_def,ACCGT,33,11147,0.002960437785951377,C,True,0.845173943952655
MMR_def,ACCTA,1,2511,0.00039824771007566706,C,False,0.11369554509540139
MMR_def,ACCTC,1,4029,0.0002482005460412013,C,False,0.07085865319795306
MMR_def,ACCTG,12,12351,0.0009715812484819043,C,False,0.27737625818270867
MMR_def,ACCTT,2,8063,0.00024804663276696017,C,False,0.07081471257213268
MMR_def,AGCAA,73,13196,0.005531979387693241,C,False,1.579322105382113
MMR_def,AGCAC,91,8941,0.01017783245721955,C,False,2.905664439083359
MMR_def,AGCAG,76,14204,0.005350605463249789,C,False,1.5275417518886243
MMR_def,AGCAT,47,9516,0.004939050021017234,C,False,1.4100469888108436
MMR_def,AGCCA,225,12409,0.01813200096704005,C,False,5.176496139114707
MMR_def,AGCCC,95,6415,0.014809041309431021,C,False,4.227826002304369
MMR_def,AGCCG,152,9975,0.015238095238095238,C,False,4.3503163997646155
MMR_def,AGCCT,64,6478,0.009879592466810744,C,False,2.820520049245351
MMR_def,AGCGA,73,11590,0.006298533218291631,C,True,1.7981651857310061
MMR_def,AGCGC,148,15786,0.00937539592043583,C,True,2.676577222394136
MMR_def,AGCGG,97,13343,0.00726972944615154,C,True,2.0754315245635637
MMR_def,AGCGT,109,12709,0.00857659926036667,C,True,2.4485291523382067
MMR_def,AGCTA,12,3561,0.003369839932603201,C,False,0.9620539637221664
MMR_def,AGCTC,19,5154,0.0036864571206829647,C,False,1.0524448507870596
MMR_def,AGCTG,30,11272,0.002661462029808375,C,False,0.759819500712969
MMR_def,AGCTT,10,6692,0.0014943215780035865,C,False,0.42661314066729367
MMR_def,ATCAA,28,14465,0.0019357068786726582,C,False,0.5526240155248864
MMR_def,ATCAC,38,12322,0.0030839149488719364,C,False,0.8804253791521677
MMR_def,ATCAG,43,15961,0.002694066787795251,C,False,0.7691278172160751
MMR_def,ATCAT,25,12426,0.0020119105102205056,C,False,0.5743793532402883
MMR_def,ATCCA,33,10509,0.003140165572366543,C,False,0.8964843423009083
MMR_def,ATCCC,41,7922,0.005175460742236809,C,False,1.4775397706534548
MMR_def,ATCCG,56,10998,0.005091834879068922,C,False,1.4536654636420223
MMR_def,ATCCT,27,7008,0.003852739726027397,C,False,1.0999167909293561
MMR_def,ATCGA,28,10772,0.0025993316004456,C,True,0.7420819146460714
MMR_def,ATCGC,68,17734,0.0038344423141987143,C,True,1.0946930717237846
MMR_def,ATCGG,27,10514,0.0025680045653414495,C,True,0.7331383746274422
MMR_def,ATCGT,30,9602,0.003124349093938763,C,True,0.8919689035655683
MMR_def,ATCTA,2,3144,0.0006361323155216285,C,False,0.1816091054291049
MMR_def,ATCTC,6,7784,0.0007708119218910585,C,False,0.22005872076147448
MMR_def,ATCTG,6,12274,0.0004888381945576015,C,False,0.1395581784591264
MMR_def,ATCTT,1,9675,0.00010335917312661498,C,False,0.029507960075922778
MMR_def,CACAA,13,7533,0.0017257400769945573,C,False,0.49268069541340603
MMR_def,CACAC,11,5191,0.002119052205740705,C,False,0.6049671837950457
MMR_def,CACAG,6,6678,0.0008984725965858042,C,False,0.2565045047031023
MMR_def,CACAT,19,6432,0.0029539800995024876,C,False,0.8433303421885113
MMR_def,CACCA,71,17144,0.004141390573961736,C,False,1.1823235811451969
MMR_def,CACCC,33,6749,0.004889613276040895,C,False,1.3959333165269292
MMR_def,CACCG,51,15137,0.0033692277201559095,C,False,0.9618791834882868
MMR_def,CACCT,23,7732,0.00297465080186239,C,False,0.8492316109537915
MMR_def,CACGA,10,6364,0.0015713387806411063,C,True,0.4486007443974747
MMR_def,CACGC,39,12725,0.00306483300589391,C,True,0.8749776845302604
MMR_def,CACGG,16,8245,0.0019405700424499697,C,True,0.5540123977868825
MMR_def,CACGT,14,5535,0.0025293586269196024,C,True,0.7221053644595736
MMR_def,CACTA,0,4236,0.0,C,False,0.0
MMR_def,CACTC,7,4766,0.0014687368862778011,C,False,0.41930897946745077
MMR_def,CACTG,8,10352,0.0007727975270479134,C,False,0.2206255902121738
MMR_def,CACTT,5,8105,0.0006169031462060457,C,False,0.17611937923167978
MMR_def,CCCAA,7,4358,0.0016062413951353832,C,False,0.4585650748375104
MMR_def,CCCAC,16,6087,0.0026285526531953343,C,False,0.7504242187864049
MMR_def,CCCAG,6,10068,0.0005959475566150178,C,False,0.17013677814931638
MMR_def,CCCAT,9,6496,0.0013854679802955665,C,False,0.3955365799893744
MMR_def,CCCCA,43,5863,0.0073341292853487975,C,False,2.0938170033405723
MMR_def,CCCCC,19,2975,0.006386554621848739,C,False,1.8232943734307578
MMR_def,CCCCG,25,5079,0.004922228785193936,C,False,1.4052447023752357
MMR_def,CCCCT,17,3669,0.0046334150994821474,C,False,1.3227914236814933
MMR_def,CCCGA,23,5554,0.0041411595246669064,C,True,1.1822576189943674
MMR_def,CCCGC,53,11168,0.004745702005730659,C,True,1.3548481579451381
MMR_def,CCCGG,27,9405,0.0028708133971291866,C,True,0.8195871207690514
MMR_def,CCCGT,29,6397,0.004533375019540409,C,True,1.2942310299049606
MMR_def,CCCTA,1,1714,0.0005834305717619603,C,False,0.16656331023019422
MMR_def,CCCTC,10,2824,0.0035410764872521247,C,False,1.0109402044424678
MMR_def,CCCTG,12,8604,0.001394700139470014,C,False,0.39817226462280736
MMR_def,CCCTT,7,5061,0.0013831258644536654,C,False,0.39486793047656005
MMR_def,CGCAA,19,13112,0.0014490543014032947,C,False,0.41368980788258886
MMR_def,CGCAC,22,9994,0.0022013207924754855,C,False,0.628454002617587
MMR_def,CGCAG,26,15918,0.0016333710265108682,C,False,0.4663103001066953
MMR_def,CGCAT,32,11827,0.002705673459034413,C,False,0.7724414001442202
MMR_def,CGCCA,109,26129,0.004171610088407517,C,False,1.190950935629617
MMR_def,CGCCC,44,11402,0.003858972110156113,C,False,1.10169607124367
MMR_def,CGCCG,58,20443,0.002837156973047009,C,False,0.8099785646237866
MMR_def,CGCCT,52,11699,0.004444824343961022,C,False,1.2689507405929352
MMR_def,CGCGA,26,12773,0.002035543725045017,C,True,0.5811263882485224
MMR_def,CGCGC,75,18694,0.0040119824542634,C,True,1.1453789199792161
MMR_def,CGCGG,34,12594,0.0026996982690169922,C,True,0.7707355460516753
MMR_def,CGCGT,46,12391,0.0037123718828181744,C,True,1.059843243627587
MMR_def,CGCTA,6,7821,0.0007671653241273494,C,False,0.21901765533912765
MMR_def,CGCTC,27,8212,0.0032878714076960544,C,False,0.9386528094048865
MMR_def,CGCTG,26,24172,0.0010756246897236472,C,False,0.30707956963008337
MMR_def,CGCTT,27,13223,0.002041896695152386,C,False,0.5829400945952452
MMR_def,CTCAA,11,7042,0.0015620562340244249,C,False,0.44595067467766003
MMR_def,CTCAC,12,5584,0.002148997134670487,C,False,0.6135161469940249
MMR_def,CTCAG,4,4801,0.0008331597583836701,C,False,0.23785837428415155
MMR_def,CTCAT,10,6279,0.0015926102882624622,C,False,0.45467353676469646
MMR_def,CTCCA,19,6095,0.003117309269893355,C,False,0.8899591076220681
MMR_def,CTCCC,10,3771,0.0026518164942985947,C,False,0.7570658014705726
MMR_def,CTCCG,10,5321,0.0018793459875963165,C,False,0.5365335721378555
MMR_def,CTCCT,10,3966,0.0025214321734745334,C,False,0.7198424451199014
MMR_def,CTCGA,12,4786,0.0025073129962390303,C,True,0.7158115680766056
MMR_def,CTCGC,27,7463,0.003617848050381884,C,True,1.0328576806690242
MMR_def,CTCGG,13,4862,0.00267379679144385,C,True,0.7633409458143126
MMR_def,CTCGT,8,3809,0.002100288789708585,C,True,0.5996104252760366
MMR_def,CTCTA,1,2723,0.0003672420124862284,C,False,0.10484374356759195
MMR_def,CTCTC,2,4241,0.0004715868898844612,C,False,0.134633111876705
MMR_def,CTCTG,6,6983,0.0008592295574967779,C,False,0.2453010285561102
MMR_def,CTCTT,1,7523,0.00013292569453675395,C,False,0.037948891896125596
MMR_def,GACAA,24,8206,0.002924689251767,C,False,0.8349681123116341
MMR_def,GACAC,10,4583,0.002181976871045167,C,False,0.622931515894726
MMR_def,GACAG,9,6519,0.0013805798435342844,C,False,0.39414106820232797
MMR_def,GACAT,36,6963,0.005170185264971995,C,False,1.4760336772144054
MMR_def,GACCA,71,9736,0.007292522596548891,C,False,2.081938729986982
MMR_def,GACCC,19,3735,0.0050870147255689425,C,False,1.4522893603631875
MMR_def,GACCG,31,8514,0.0036410617805966643,C,False,1.039484957220007
MMR_def,GACCT,21,5305,0.003958529688972668,C,False,1.130118716008598
MMR_def,GACGA,36,8663,0.004155604294124437,C,True,1.1863814492028053
MMR_def,GACGC,80,11769,0.006797518905599456,C,True,1.940620366961019
MMR_def,GACGG,34,8932,0.00380653828929691,C,True,1.0867267652233317
MMR_def,GACGT,33,7169,0.00460315246198912,C,True,1.3141517580192839
MMR_def,GACTA,2,2986,0.0006697923643670462,C,False,0.1912186964062645
MMR_def,GACTC,3,3569,0.0008405715886803026,C,False,0.2399743741114202
MMR_def,GACTG,4,6945,0.0005759539236861051,C,False,0.16442880560665393
MMR_def,GACTT,3,5417,0.0005538120731031936,C,False,0.15810753945055542
MMR_def,GCCAA,23,11039,0.002083522058157442,C,False,0.5948236992385829
MMR_def,GCCAC,25,11629,0.0021497979189956146,C,False,0.6137447625216117
MMR_def,GCCAG,32,25906,0.0012352350806762913,C,False,0.3526466625301356
MMR_def,GCCAT,32,14411,0.002220525987093193,C,False,0.6339368842901737
MMR_def,GCCCA,57,8803,0.006475065318641372,C,False,1.8485632492183932
MMR_def,GCCCC,56,5661,0.009892245186362834,C,False,2.824132267997697
MMR_def,GCCCG,69,10870,0.006347746090156394,C,False,1.8122149445891582
MMR_def,GCCCT,22,5728,0.003840782122905028,C,False,1.0965030206285202
MMR_def,GCCGA,79,12485,0.006327593111734081,C,True,1.806461480579069
MMR_def,GCCGC,166,19411,0.008551852042656226,C,True,2.441464081187769
MMR_def,GCCGG,56,13129,0.004265366745372839,C,True,1.2177174780360243
MMR_def,GCCGT,88,12498,0.0070411265802528405,C,True,2.0101678035398187
MMR_def,GCCTA,2,2876,0.0006954102920723226,C,False,0.1985323461297308
MMR_def,GCCTC,7,4699,0.0014896786550329857,C,False,0.4252876348461099
MMR_def,GCCTG,27,17087,0.0015801486510212443,C,False,0.4511158700083647
MMR_def,GCCTT,11,8985,0.0012242626599888702,C,False,0.3495141514835928
MMR_def,GGCAA,119,17807,0.006682765204694783,C,False,1.9078593886905035
MMR_def,GGCAC,71,9445,0.007517204870301747,C,False,2.1460831630654584
MMR_def,GGCAG,98,14764,0.006637767542671363,C,False,1.8950130280402455
MMR_def,GGCAT,97,13081,0.007415335219019953,C,False,2.1170004458567107
MMR_def,GGCCA,186,7554,0.024622716441620333,C,False,7.02952734374197
MMR_def,GGCCC,71,4221,0.016820658611703388,C,False,4.80212164775012
MMR_def,GGCCG,181,6577,0.02752014596320511,C,False,7.856713088939346
MMR_def,GGCCT,106,6818,0.015547081255500146,C,False,4.438528667624319
MMR_def,GGCGA,168,18732,0.008968609865470852,C,True,2.5604440693681876
MMR_def,GGCGC,246,17020,0.01445358401880141,C,True,4.126346673249119
MMR_def,GGCGG,148,17728,0.008348375451263539,C,True,2.383373648054706
MMR_def,GGCGT,177,16193,0.010930649045884025,C,True,3.120585680912485
MMR_def,GGCTA,22,5659,0.003887612652412087,C,False,1.1098726457254222
MMR_def,GGCTC,22,4262,0.005161895823557016,C,False,1.473667128615712
MMR_def,GGCTG,68,14870,0.004572965702757229,C,False,1.3055337548049493
MMR_def,GGCTT,31,10486,0.0029563227160022887,C,False,0.8439991346339061
MMR_def,GTCAA,12,6550,0.00183206106870229,C,False,0.5230342236358221
MMR_def,GTCAC,32,7774,0.004116285052739903,C,False,1.1751562180995232
MMR_def,GTCAG,26,12676,0.0020511202272010098,C,False,0.585573316274722
MMR_def,GTCAT,17,9991,0.0017015313782404165,C,False,0.4857693657779401
MMR_def,GTCCA,27,5122,0.005271378367825068,C,False,1.50492324694122
MMR_def,GTCCC,6,2679,0.0022396416573348264,C,False,0.6393942076921677
MMR_def,GTCCG,14,5681,0.0024643548671008627,C,False,0.703547472678004
MMR_def,GTCCT,11,3038,0.003620803159973667,C,False,1.0337013334694147
MMR_def,GTCGA,28,8114,0.0034508257333004683,C,True,0.9851745605826326
MMR_def,GTCGC,47,10985,0.004278561675011379,C,True,1.221484492082293
MMR_def,GTCGG,15,8131,0.0018447915385561432,C,True,0.526668639284011
MMR_def,GTCGT,25,7310,0.003419972640218878,C,True,0.9763663260415626
MMR_def,GTCTA,1,1959,0.0005104645227156713,C,False,0.14573226836883763
MMR_def,GTCTC,2,2986,0.0006697923643670462,C,False,0.1912186964062645
MMR_def,GTCTG,9,10383,0.0008668015024559376,C,False,0.2474627394405255
MMR_def,GTCTT,5,5632,0.0008877840909090909,C,False,0.25345304841490846
MMR_def,TACAA,7,5380,0.0013011152416356876,C,False,0.37145475764718777
MMR_def,TACAC,3,4219,0.000711068973690448,C,False,0.20300273553061357
MMR_def,TACAG,6,6738,0.0008904719501335708,C,False,0.25422040403789214
MMR_def,TACAT,9,4945,0.001820020222446916,C,False,0.5195966882934229
MMR_def,TACCA,10,8377,0.001193744777366599,C,False,0.34080161601355247
MMR_def,TACCC,11,6700,0.0016417910447761193,C,False,0.46871412702687787
MMR_def,TACCG,15,13393,0.001119988053460763,C,False,0.31974484477102166
MMR_def,TACCT,9,5880,0.001530612244897959,C,False,0.43697374551207074
MMR_def,TACGA,6,4807,0.001248179737882255,C,True,0.3563422264213267
MMR_def,TACGC,19,10839,0.0017529292370144847,C,True,0.5004429154863461
MMR_def,TACGG,9,7235,0.001243953006219765,C,True,0.355135538854316
MMR_def,TACGT,7,5557,0.00125967248515386,C,True,0.3596232852513713
MMR_def,TACTA,2,2392,0.0008361204013377926,C,False,0.23870360680146563
MMR_def,TACTC,1,4472,0.00022361359570661896,C,False,0.06383933670271755
MMR_def,TACTG,3,9260,0.00032397408207343413,C,False,0.09249120315374285
MMR_def,TACTT,3,5105,0.0005876591576885406,C,False,0.16777052717015842
MMR_def,TCCAA,5,2627,0.001903311762466692,C,False,0.5433755495518707
MMR_def,TCCAC,8,7720,0.0010362694300518134,C,False,0.2958440556834745
MMR_def,TCCAG,8,15711,0.0005091973776335052,C,False,0.1453705117354989
MMR_def,TCCAT,6,7712,0.0007780082987551867,C,False,0.222113210893065
MMR_def,TCCCA,15,5195,0.0028873917228103944,C,False,0.8243200589063124
MMR_def,TCCCC,11,5263,0.0020900627018810565,C,False,0.5966909844347487
MMR_def,TCCCG,17,7519,0.0022609389546482243,C,False,0.6454743627460299
MMR_def,TCCCT,11,4253,0.0025864095932283094,C,False,0.7383928170891328
MMR_def,TCCGA,2,3818,0.0005238344683080147,C,True,0.1495492476346532
MMR_def,TCCGC,35,11025,0.0031746031746031746,C,True,0.9063159166176282
MMR_def,TCCGG,25,12906,0.001937083527041686,C,True,0.5530170341983436
MMR_def,TCCGT,13,6228,0.0020873474630700066,C,True,0.5959158122269088
MMR_def,TCCTA,0,1144,0.0,C,False,0.0
MMR_def,TCCTC,1,4625,0.00021621621621621621,C,False,0.061727462429092515
MMR_def,TCCTG,4,11428,0.00035001750087504374,C,False,0.09992632612339968
MMR_def,TCCTT,0,5099,0.0,C,False,0.0
MMR_def,TGCAA,30,10252,0.002926258291065158,C,False,0.8354160565778956
MMR_def,TGCAC,30,7733,0.00387947756368809,C,False,1.1075501632014206
MMR_def,TGCAG,31,12529,0.0024742597174555033,C,False,0.7063752035893639
MMR_def,TGCAT,34,9022,0.003768565728219907,C,False,1.0758859972262025
MMR_def,TGCCA,175,16893,0.010359320428579885,C,False,2.9574773517756916
MMR_def,TGCCC,94,9024,0.010416666666666666,C,False,2.9738491014015924
MMR_def,TGCCG,164,20528,0.00798908807482463,C,False,2.2808008696641986
MMR_def,TGCCT,89,8652,0.010286638927415626,C,False,2.9367275453508097
MMR_def,TGCGA,30,7826,0.003833375926399182,C,True,1.0943886291894438
MMR_def,TGCGC,143,18680,0.007655246252676659,C,True,2.1854925301949177
MMR_def,TGCGG,67,13431,0.004988459533914079,C,True,1.4241528866216249
MMR_def,TGCGT,62,10914,0.0056807769836906725,C,True,1.6218022587082903
MMR_def,TGCTA,7,4180,0.0016746411483253589,C,False,0.47809248711527996
MMR_def,TGCTC,32,8681,0.0036862112659831817,C,False,1.0523746618483691
MMR_def,TGCTG,34,23734,0.0014325440296620881,C,False,0.40897629843156647
MMR_def,TGCTT,14,9262,0.0015115525804361909,C,False,0.4315324111729368
MMR_def,TTCAA,19,10714,0.001773380623483293,C,False,0.5062815718645235
MMR_def,TTCAC,27,12427,0.0021726885008449344,C,False,0.6202797836028751
MMR_def,TTCAG,13,15592,0.0008337609030271934,C,False,0.23802999477611517
MMR_def,TTCAT,19,13029,0.0014582853634200628,C,False,0.4163251792890095
MMR_def,TTCCA,54,12044,0.004483560278977084,C,False,1.280009443844724
MMR_def,TTCCC,59,7858,0.00750827182489183,C,False,2.1435328722752125
MMR_def,TTCCG,59,11977,0.0049261083743842365,C,False,1.4063522844066645
MMR_def,TTCCT,22,8284,0.002655721873491067,C,False,0.7581807462771806
MMR_def,TTCGA,13,7252,0.0017926089354660783,C,True,0.5117710533024252
MMR_def,TTCGC,41,14739,0.0027817355315828754,C,True,0.7941563242497232
MMR_def,TTCGG,20,8485,0.002357100766057749,C,True,0.6729275515251688
MMR_def,TTCGT,21,8172,0.0025697503671071953,C,True,0.733636782724622
MMR_def,TTCTA,1,3481,0.0002872737719046251,C,False,0.08201364944974229
MMR_def,TTCTC,7,8317,0.0008416496332812313,C,False,0.24028214454032348
MMR_def,TTCTG,6,13716,0.0004374453193350831,C,False,0.1248860515024291
MMR_def,TTCTT,8,11321,0.0007066513558872891,C,False,0.20174155197212465
MMR_def,AATAA,25,13926,0.0017952032170041648,T,False,0.12367452110093945
MMR_def,AATAC,25,9558,0.0026156099602427287,T,False,0.18019369960783457
MMR_def,AATAG,8,5445,0.0014692378328741965,T,False,0.10121822623921735
MMR_def,AATAT,31,12948,0.002394192153228298,T,False,0.16493986038431316
MMR_def,AATCA,34,14388,0.002363080344731721,T,False,0.16279651639965864
MMR_def,AATCC,71,9086,0.007814219678626458,T,False,0.5383345280231981
MMR_def,AATCG,16,10369,0.0015430610473526859,T,False,0.10630402967934005
MMR_def,AATCT,19,7937,0.0023938515812019657,T,False,0.16491639781369272
MMR_def,AATGA,11,10966,0.0010031004924311508,T,False,0.06910525328968999
MMR_def,AATGC,21,13018,0.0016131510216623138,T,False,0.11113264402484357
MMR_def,AATGG,13,11605,0.0011202068074105988,T,False,0.0771729011669862
MMR_def,AATGT,8,7881,0.0010150996066489023,T,False,0.06993189212949352
MMR_def,AATTA,5,9156,0.00054608999563128,T,False,0.037621043705803464
MMR_def,AATTC,19,8304,0.002288053949903661,T,False,0.1576278238737089
MMR_def,AATTG,9,8694,0.0010351966873706005,T,False,0.07131641328578397
MMR_def,AATTT,12,13164,0.0009115770282588879,T,False,0.06280005035010694
MMR_def,ACTAA,27,3630,0.00743801652892562,T,False,0.5124172703360378
MMR_def,ACTAC,27,4568,0.0059106830122591944,T,False,0.40719673627841885
MMR_def,ACTAG,1,513,0.001949317738791423,T,False,0.13429172560247038
MMR_def,ACTAT,13,4540,0.0028634361233480176,T,False,0.19726685419446585
MMR_def,ACTCA,24,6109,0.003928629890325749,T,False,0.27064981594657317
MMR_def,ACTCC,61,4541,0.013433164501211186,T,False,0.9254329375199528
MMR_def,ACTCG,10,4053,0.002467308166790032,T,False,0.16997694358269752
MMR_def,ACTCT,31,4732,0.006551141166525782,T,False,0.4513189586339997
MMR_def,ACTGA,40,9395,0.004257583821181479,T,False,0.29331199673897734
MMR_def,ACTGC,49,10657,0.0045979168621563295,T,False,0.3167581032625784
MMR_def,ACTGG,48,14618,0.0032836229306334656,T,False,0.22621421885587842
MMR_def,ACTGT,25,6263,0.003991697269679068,T,False,0.27499463210149816
MMR_def,ACTTA,4,4306,0.0009289363678588017,T,False,0.06399596398891529
MMR_def,ACTTC,45,8826,0.005098572399728076,T,False,0.35124909194799786
MMR_def,ACTTG,12,3361,0.0035703659625111574,T,False,0.24596842094876753
MMR_def,ACTTT,20,9566,0.0020907380305247754,T,False,0.14403440358366573
MMR_def,AGTAA,259,7477,0.034639561321385584,T,False,2.386376716012229
MMR_def,AGTAC,348,5456,0.06378299120234604,T,False,4.394115839709571
MMR_def,AGTAG,82,3300,0.02484848484848485,T,False,1.7118532512707634
MMR_def,AGTAT,211,4996,0.0422337870296237,T,False,2.90955549527386
MMR_def,AGTCA,146,6214,0.023495333118764082,T,False,1.6186323888274585
MMR_def,AGTCC,296,3337,0.08870242732993706,T,False,6.110857042038933
MMR_def,AGTCG,70,5870,0.01192504258943782,T,False,0.8215359227231196
MMR_def,AGTCT,168,3496,0.04805491990846682,T,False,3.3105829746348134
MMR_def,AGTGA,151,8049,0.01876009442166729,T,False,1.2924139570560522
MMR_def,AGTGC,281,7638,0.03678973553286201,T,False,2.5345057764824452
MMR_def,AGTGG,152,7415,0.02049898853674983,T,False,1.4122092509208672
MMR_def,AGTGT,102,4357,0.023410603626348406,T,False,1.6127952338478002
MMR_def,AGTTA,62,5900,0.010508474576271187,T,False,0.7239462075444362
MMR_def,AGTTC,420,8355,0.05026929982046679,T,False,3.4631352720895596
MMR_def,AGTTG,151,7910,0.019089759797724398,T,False,1.3151251504859878
MMR_def,AGTTT,219,9908,0.02210335082761405,T,False,1.5227364247336235
MMR_def,ATTAA,15,12729,0.0011784115012962526,T,False,0.0811827188711611
MMR_def,ATTAC,22,10318,0.0021321961620469083,T,False,0.1468905228871371
MMR_def,ATTAG,2,3765,0.0005312084993359894,T,False,0.03659583279366125
MMR_def,ATTAT,13,11351,0.0011452735441811294,T,False,0.07889979015442472
MMR_def,ATTCA,21,11275,0.0018625277161862528,T,False,0.1283126172873981
MMR_def,ATTCC,35,8179,0.004279251742266781,T,False,0.2948047356880249
MMR_def,ATTCG,8,7581,0.001055269753330695,T,False,0.0726992800253975
MMR_def,ATTCT,18,7683,0.0023428348301444747,T,False,0.16140176938867778
MMR_def,ATTGA,9,11237,0.0008009255139272048,T,False,0.05517708437364117
MMR_def,ATTGC,20,14598,0.0013700506918755994,T,False,0.09438505991788917
MMR_def,ATTGG,5,7692,0.0006500260010400416,T,False,0.044781367156830024
MMR_def,ATTGT,6,8444,0.0007105637138796779,T,False,0.04895191039843722
MMR_def,ATTTA,3,10412,0.0002881290818286592,T,False,0.01984968936824836
MMR_def,ATTTC,20,13185,0.0015168752370117557,T,False,0.10450004586130801
MMR_def,ATTTG,6,9960,0.0006024096385542169,T,False,0.04150099712895621
MMR_def,ATTTT,19,18036,0.0010534486582390774,T,False,0.07257382177019732
MMR_def,CATAA,34,9192,0.0036988685813751088,T,False,0.25482117906421764
MMR_def,CATAC,28,5815,0.004815133276010318,T,False,0.3317225015569879
MMR_def,CATAG,10,4086,0.0024473813020068525,T,False,0.16860414888415884
MMR_def,CATAT,24,7520,0.0031914893617021275,T,False,0.2198669847895765
MMR_def,CATCA,51,18718,0.0027246500694518643,T,False,0.18770565321815538
MMR_def,CATCC,119,10464,0.011372324159021407,T,False,0.7834582351733572
MMR_def,CATCG,20,14522,0.001377220768489189,T,False,0.09487901836395443
MMR_def,CATCT,50,9008,0.005550621669626998,T,False,0.38239151439868624
MMR_def,CATGA,13,8640,0.0015046296296296296,T,False,0.10365642569940683
MMR_def,CATGC,20,8366,0.0023906287353573988,T,False,0.16469437062889625
MMR_def,CATGG,11,7785,0.0014129736673089274,T,False,0.09734209474306235
MMR_def,CATGT,12,5737,0.0020916855499389926,T,False,0.14409967976447755
MMR_def,CATTA,14,10810,0.0012950971322849213,T,False,0.08922138513200206
MMR_def,CATTC,35,8960,0.00390625,T,False,0.26910802825807545
MMR_def,CATTG,28,11536,0.0024271844660194173,T,False,0.16721275542249345
MMR_def,CATTT,19,12164,0.0015619861887536995,T,False,0.10760781399599466
MMR_def,CCTAA,9,2355,0.003821656050955414,T,False,0.26328021108560756
MMR_def,CCTAC,14,3022,0.004632693580410324,T,False,0.3191539289467049
MMR_def,CCTAG,0,250,0.0,T,False,0.0
MMR_def,CCTAT,15,2618,0.005729564553093965,T,False,0.3947191858330824
MMR_def,CCTCA,18,4206,0.0042796005706134095,T,False,0.2948287670502167
MMR_def,CCTCC,41,3134,0.013082322910019146,T,False,0.9012628795777792
MMR_def,CCTCG,8,4671,0.0017126953543138515,T,False,0.1179904178703786
MMR_def,CCTCT,37,4166,0.008881421027364379,T,False,0.6118557954057826
MMR_def,CCTGA,36,13617,0.0026437541308658294,T,False,0.18213259810725
MMR_def,CCTGC,75,15531,0.004829051574270813,T,False,0.33268135616219485
MMR_def,CCTGG,102,12050,0.008464730290456432,T,False,0.5831492808194909
MMR_def,CCTGT,25,8272,0.0030222437137330752,T,False,0.20820737195982622
MMR_def,CCTTA,7,4463,0.001568451714093659,T,False,0.10805323473862226
MMR_def,CCTTC,24,8760,0.0027397260273972603,T,False,0.1887442609152529
MMR_def,CCTTG,8,4768,0.0016778523489932886,T,False,0.11559002556051562
MMR_def,CCTTT,24,9217,0.0026038841271563413,T,False,0.17938588755751494
MMR_def,CGTAA,348,9765,0.035637480798771125,T,False,2.455125040599634
MMR_def,CGTAC,441,6708,0.06574239713774598,T,False,4.5291025578747295
MMR_def,CGTAG,138,5296,0.026057401812688823,T,False,1.795137541975319
MMR_def,CGTAT,332,6669,0.049782576098365575,T,False,3.4296040692323206
MMR_def,CGTCA,353,12537,0.028156656297359816,T,False,1.9397586581818427
MMR_def,CGTCC,542,5895,0.09194232400339271,T,False,6.3340588866606415
MMR_def,CGTCG,122,10668,0.011436070491188602,T,False,0.7878498255114559
MMR_def,CGTCT,481,7433,0.06471142203686264,T,False,4.4580769766697665
MMR_def,CGTGA,154,9563,0.016103733138136567,T,False,1.109412831333929
MMR_def,CGTGC,412,8854,0.04653264061441156,T,False,3.2057106343387995
MMR_def,CGTGG,223,9816,0.02271801140994295,T,False,1.565081409657397
MMR_def,CGTGT,177,4636,0.03817946505608283,T,False,2.6302465436647786
MMR_def,CGTTA,177,11745,0.015070242656449554,T,False,1.0382139613818573
MMR_def,CGTTC,664,9842,0.0674659622028043,T,False,4.64784180811021
MMR_def,CGTTG,320,12927,0.02475439003635801,T,False,1.7053709039144072
MMR_def,CGTTT,514,14118,0.036407423147754636,T,False,2.508167643455914
MMR_def,CTTAA,11,6437,0.0017088705918906323,T,False,0.11772692365616598
MMR_def,CTTAC,7,5185,0.0013500482160077145,T,False,0.0930070562465711
MMR_def,CTTAG,3,1990,0.001507537688442211,T,False,0.10385676668452358
MMR_def,CTTAT,10,6215,0.0016090104585679806,T,False,0.11084739377967386
MMR_def,CTTCA,22,12514,0.001758031005274093,T,False,0.12111366590614359
MMR_def,CTTCC,53,10972,0.004830477579292745,T,False,0.33277959600852786
MMR_def,CTTCG,8,10035,0.0007972097658196312,T,False,0.05492110033607757
MMR_def,CTTCT,19,8414,0.002258141193249346,T,False,0.1555670845551793
MMR_def,CTTGA,6,4802,0.0012494793835901709,T,False,0.08607870291636899
MMR_def,CTTGC,21,7715,0.002721970187945561,T,False,0.18752103174535498
MMR_def,CTTGG,6,2362,0.002540220152413209,T,False,0.1749999709586807
MMR_def,CTTGT,3,4451,0.0006740058413839587,T,False,0.046433378050371135
MMR_def,CTTTA,7,10679,0.0006554920872740894,T,False,0.045157934885145724
MMR_def,CTTTC,23,11971,0.0019213098320942277,T,False,0.1323622145504593
MMR_def,CTTTG,3,10887,0.0002755580049600441,T,False,0.018983647074694767
MMR_def,CTTTT,13,12452,0.0010440089945390298,T,False,0.0719235077130481
MMR_def,GATAA,56,15180,0.003689064558629776,T,False,0.2541457637093392
MMR_def,GATAC,61,7454,0.008183525623826134,T,False,0.5637766258757856
MMR_def,GATAG,17,5812,0.0029249827942188574,T,False,0.20150690622490436
MMR_def,GATAT,51,11924,0.004277088225427709,T,False,0.29465568743185444
MMR_def,GATCA,19,11156,0.0017031193976335603,T,False,0.11733071436422363
MMR_def,GATCC,40,8246,0.004850836769342712,T,False,0.334182174310295
MMR_def,GATCG,20,10956,0.0018254837531945967,T,False,0.12576059736047338
MMR_def,GATCT,18,7890,0.0022813688212927757,T,False,0.15716727429825242
MMR_def,GATGA,39,15579,0.002503369921047564,T,False,0.17246129752414308
MMR_def,GATGC,64,14307,0.004473334731250437,T,False,0.30817543405188424
MMR_def,GATGG,45,12952,0.003474366893143916,T,False,0.23935488615912823
MMR_def,GATGT,25,9874,0.0025319019647559245,T,False,0.1744269172424228
MMR_def,GATTA,12,10010,0.0011988011988011988,T,False,0.08258739888199877
MMR_def,GATTC,30,7181,0.004177691129369169,T,False,0.2878080569589221
MMR_def,GATTG,22,10438,0.002107683464265185,T,False,0.14520180256270174
MMR_def,GATTT,20,14151,0.0014133276800226133,T,False,0.09736648326488208
MMR_def,GCTAA,80,6664,0.012004801920768308,T,False,0.8270306750788393
MMR_def,GCTAC,123,6497,0.018931814683700168,T,False,1.304244050144725
MMR_def,GCTAG,9,707,0.01272984441301273,T,False,0.876980052484591
MMR_def,GCTAT,98,7353,0.013327893376852985,T,False,0.918180635514565
MMR_def,GCTCA,66,8319,0.007933645870897944,T,False,0.5465619960870828
MMR_def,GCTCC,124,5248,0.023628048780487805,T,False,1.6277753904390904
MMR_def,GCTCG,36,6733,0.005346799346502302,T,False,0.368349857184973
MMR_def,GCTCT,98,6009,0.016308870028290897,T,False,1.12354505124623
MMR_def,GCTGA,127,17661,0.00719098578789423,T,False,0.4953989136926872
MMR_def,GCTGC,251,17989,0.013952971260214575,T,False,0.9612432855495522
MMR_def,GCTGG,179,26346,0.006794200258103697,T,False,0.468063701772491
MMR_def,GCTGT,107,12052,0.008878194490540989,T,False,0.6116335139433456
MMR_def,GCTTA,31,6938,0.004468146439896224,T,False,0.3078180040726559
MMR_def,GCTTC,161,11481,0.014023168713526697,T,False,0.9660793043014404
MMR_def,GCTTG,49,6296,0.0077827191867852604,T,False,0.5361644069995709
MMR_def,GCTTT,109,14948,0.007291945410757292,T,False,0.5023541892235307
MMR_def,GGTAA,929,12742,0.07290849160257416,T,False,5.022786667120431
MMR_def,GGTAC,804,6556,0.12263575350823673,T,False,8.448580050059505
MMR_def,GGTAG,320,5653,0.056607111268353084,T,False,3.8997575932958672
MMR_def,GGTAT,944,9399,0.10043621661878924,T,False,6.91921720831573
MMR_def,GGTCA,646,10964,0.058920102152499085,T,False,4.059103363845994
MMR_def,GGTCC,435,2875,0.15130434782608695,T,False,10.423606965850183
MMR_def,GGTCG,219,8517,0.02571327932370553,T,False,1.7714303741059927
MMR_def,GGTCT,559,4934,0.11329550060802594,T,False,7.805114567459186
MMR_def,GGTGA,576,14735,0.039090600610790636,T,False,2.6930161801712096
MMR_def,GGTGC,1125,11775,0.09554140127388536,T,False,6.58200527714019
MMR_def,GGTGG,550,11744,0.04683242506811989,T,False,3.2263632815682066
MMR_def,GGTGT,514,8508,0.06041372825575929,T,False,4.1620017384003996
MMR_def,GGTTA,219,9878,0.022170479854221502,T,False,1.5273610544908627
MMR_def,GGTTC,746,7001,0.1065562062562491,T,False,7.340833424455679
MMR_def,GGTTG,451,10283,0.04385879607118545,T,False,3.021505057917374
MMR_def,GGTTT,729,13697,0.053223333576695626,T,False,3.6666435471734737
MMR_def,GTTAA,49,11513,0.004256058368800487,T,False,0.29320690579947
MMR_def,GTTAC,56,8285,0.00675920337960169,T,False,0.4656527088844622
MMR_def,GTTAG,13,4345,0.002991944764096663,T,False,0.20612002716752015
MMR_def,GTTAT,52,10905,0.004768454837230628,T,False,0.32850674664571294
MMR_def,GTTCA,38,11210,0.003389830508474576,T,False,0.23353103469175357
MMR_def,GTTCC,97,8239,0.011773273455516447,T,False,0.8110802958738353
MMR_def,GTTCG,9,8604,0.0010460251046025104,T,False,0.07206240087245534
MMR_def,GTTCT,40,7893,0.005067781578613962,T,False,0.34912786131543044
MMR_def,GTTGA,24,12176,0.0019710906701708277,T,False,0.13579169888449535
MMR_def,GTTGC,46,13805,0.003332126041289388,T,False,0.22955567843296606
MMR_def,GTTGG,19,8693,0.002185666628321638,T,False,0.1505741918149406
MMR_def,GTTGT,12,9093,0.0013196964698119432,T,False,0.09091607421190011
MMR_def,GTTTA,13,10046,0.001294047382042604,T,False,0.08914906610022645
MMR_def,GTTTC,26,11400,0.0022807017543859647,T,False,0.15712131895489034
MMR_def,GTTTG,22,11886,0.001850917045263335,T,False,0.12751273894914023
MMR_def,GTTTT,16,17145,0.0009332166812481773,T,False,0.06429084186322992
MMR_def,TATAA,13,5811,0.0022371364653243847,T,False,0.1541200340806875
MMR_def,TATAC,17,3676,0.004624591947769314,T,False,0.31859579406396743
MMR_def,TATAG,10,3299,0.003031221582297666,T,False,0.2088258721857148
MMR_def,TATAT,7,5376,0.0013020833333333333,T,False,0.08970267608602514
MMR_def,TATCA,18,10912,0.0016495601173020528,T,False,0.11364092688904065
MMR_def,TATCC,72,8641,0.008332368938780234,T,False,0.5740306882134991
MMR_def,TATCG,15,12775,0.0011741682974559687,T,False,0.08089039753510839
MMR_def,TATCT,26,8042,0.003233026610295946,T,False,0.22272855459907362
MMR_def,TATGA,4,6540,0.0006116207951070336,T,False,0.04213556895049988
MMR_def,TATGC,11,7755,0.0014184397163120568,T,False,0.09771865990647846
MMR_def,TATGG,10,7249,0.0013795006207752794,T,False,0.09503608116163238
MMR_def,TATGT,11,5069,0.002170053264943776,T,False,0.14949856136806874
MMR_def,TATTA,3,8187,0.00036643459142543056,T,False,0.02524428553831708
MMR_def,TATTC,18,10273,0.0017521658717025211,T,False,0.1207096071462291
MMR_def,TATTG,11,11303,0.0009731929576218703,T,False,0.06704487371270816
MMR_def,TATTT,11,12114,0.0009080402839689616,T,False,0.06255639818183428
MMR_def,TCTAA,8,2386,0.003352891869237217,T,False,0.23098627069259786
MMR_def,TCTAC,23,4490,0.005122494432071269,T,False,0.35289712035268334
MMR_def,TCTAG,2,300,0.006666666666666667,T,False,0.4592777015604488
MMR_def,TCTAT,15,4131,0.0036310820624546117,T,False,0.25015125357322915
MMR_def,TCTCA,12,5072,0.002365930599369085,T,False,0.16299287515946526
MMR_def,TCTCC,58,6230,0.009309791332263243,T,False,0.6413669347633875
MMR_def,TCTCG,4,5463,0.0007321984257733846,T,False,0.050442361511306835
MMR_def,TCTCT,21,6563,0.003199756209050739,T,False,0.2204365015869897
MMR_def,TCTGA,16,8357,0.0019145626420964462,T,False,0.13189738946333338
MMR_def,TCTGC,42,13238,0.0031726846955733496,T,False,0.218571500213841
MMR_def,TCTGG,29,15029,0.0019296027679819017,T,False,0.13293352863051114
MMR_def,TCTGT,22,6732,0.0032679738562091504,T,False,0.22513612821590626
MMR_def,TCTTA,4,4120,0.000970873786407767,T,False,0.06688510216899739
MMR_def,TCTTC,38,12868,0.002953061858874728,T,False,0.2034413194664717
MMR_def,TCTTG,15,4905,0.0030581039755351682,T,False,0.21067784475249943
MMR_def,TCTTT,18,12258,0.0014684287812041115,T,False,0.1011624893304953
MMR_def,TGTAA,290,6157,0.04710086080883547,T,False,3.244856264070086
MMR_def,TGTAC,334,5358,0.06233669279581933,T,False,4.2944779485215525
MMR_def,TGTAG,113,4328,0.0261090573012939,T,False,1.7986961740872474
MMR_def,TGTAT,280,5439,0.05148005148005148,T,False,3.546545957995743
MMR_def,TGTCA,239,7276,0.032847718526663,T,False,2.262933699964553
MMR_def,TGTCC,471,4413,0.10673011556764106,T,False,7.352814324778088
MMR_def,TGTCG,143,9485,0.015076436478650502,T,False,1.0386406640455061
MMR_def,TGTCT,392,5097,0.0769079850892682,T,False,5.298318393516654
MMR_def,TGTGA,130,5760,0.022569444444444444,T,False,1.5548463854911023
MMR_def,TGTGC,434,7846,0.055314810094315575,T,False,3.810728826355495
MMR_def,TGTGG,238,7913,0.030077088335650197,T,False,2.072060400064201
MMR_def,TGTGT,147,4315,0.03406720741599073,T,False,2.3469463080898945
MMR_def,TGTTA,96,7525,0.012757475083056479,T,False,0.8788835750791312
MMR_def,TGTTC,669,10748,0.06224413844436174,T,False,4.288101726050524
MMR_def,TGTTG,305,12647,0.02411639123902902,T,False,1.6614181107290686
MMR_def,TGTTT,333,12754,0.026109455856986045,T,False,1.798723631248582
MMR_def,TTTAA,11,11739,0.0009370474486753556,T,False,0.06455474977210499
MMR_def,TTTAC,23,12353,0.00186189589573383,T,False,0.12826909013061993
MMR_def,TTTAG,1,4935,0.00020263424518743666,T,False,0.013959808558068349
MMR_def,TTTAT,25,15638,0.0015986699066376775,T,False,0.11013501604116145
MMR_def,TTTCA,45,16763,0.002684483684304719,T,False,0.18493852446059947
MMR_def,TTTCC,166,12773,0.012996163782979723,T,False,0.895327234702511
MMR_def,TTTCG,24,12428,0.0019311232700354038,T,False,0.1330382785337637
MMR_def,TTTCT,38,12845,0.002958349552355002,T,False,0.20380559742269816
MMR_def,TTTGA,3,10556,0.00028419856006062905,T,False,0.019578909217715226
MMR_def,TTTGC,22,18249,0.0012055455093429777,T,False,0.08305202559863449
MMR_def,TTTGG,3,8402,0.00035705784337062603,T,False,0.024598305844108773
MMR_def,TTTGT,3,11377,0.0002636899006768041,T,False,0.01816603372613184
MMR_def,TTTTA,8,13528,0.0005913660555884093,T,False,0.040740186418726974
MMR_def,TTTTC,39,18254,0.002136518023446916,T,False,0.14718826307267585
MMR_def,TTTTG,8,15851,0.0005047000189262507,T,False,0.03476961970049451
MMR_def,TTTTT,10,23134,0.00043226419987896605,T,False,0.029779396228091688
MMR_def_pol_exo,AACAA,112,12246,0.009145843540748,C,False,0.9599794172765387
MMR_def_pol_exo,AACAC,67,7823,0.008564489326345391,C,False,0.8989584652465817
MMR_def_pol_exo,AACAG,106,13384,0.007919904363419009,C,False,0.8313005948338237
MMR_def_pol_exo,AACAT,95,10221,0.009294589570492125,C,False,0.9755923157828131
MMR_def_pol_exo,AACCA,80,12650,0.006324110671936759,C,False,0.6638005614889041
MMR_def_pol_exo,AACCC,21,7260,0.002892561983471074,C,False,0.30361332499918625
MMR_def_pol_exo,AACCG,74,12912,0.0057311028500619575,C,False,0.60155640645307
MMR_def_pol_exo,AACCT,45,8037,0.005599104143337066,C,False,0.5877013649800278
MMR_def_pol_exo,AACGA,35,9059,0.0038635610994591013,C,True,0.405532755545883
MMR_def_pol_exo,AACGC,141,16874,0.008356050728932085,C,True,0.8770800280755037
MMR_def_pol_exo,AACGG,79,11858,0.006662168999831337,C,True,0.6992843345462307
MMR_def_pol_exo,AACGT,64,10841,0.005903514435937644,C,True,0.6196533237033216
MMR_def_pol_exo,AACTA,12,3637,0.003299422601044817,C,False,0.3463188246976067
MMR_def_pol_exo,AACTC,35,6628,0.00528062764031382,C,False,0.554272968088436
MMR_def_pol_exo,AACTG,73,14376,0.005077907623817474,C,False,0.5329947729783394
MMR_def_pol_exo,AACTT,23,7432,0.0030947255113024756,C,False,0.3248331091314529
MMR_def_pol_exo,ACCAA,148,9125,0.016219178082191782,C,False,1.7024211112596253
MMR_def_pol_exo,ACCAC,160,11452,0.013971358714634998,C,False,1.466482204476884
MMR_def_pol_exo,ACCAG,210,16358,0.012837755226800342,C,False,1.3474952558345106
MMR_def_pol_exo,ACCAT,173,10972,0.015767407947502733,C,False,1.6550017530878511
MMR_def_pol_exo,ACCCA,90,7148,0.01259093452714046,C,False,1.3215881002642653
MMR_def_pol_exo,ACCCC,20,3687,0.005424464334147003,C,False,0.5693705656926117
MMR_def_pol_exo,ACCCG,117,9056,0.012919611307420495,C,False,1.3560871535883015
MMR_def_pol_exo,ACCCT,55,4553,0.012079947287502746,C,False,1.2679531096417338
MMR_def_pol_exo,ACCGA,71,10135,0.007005426739023187,C,True,0.735313855822964
MMR_def_pol_exo,ACCGC,125,15492,0.008068680609346759,C,True,0.8469166649353937
MMR_def_pol_exo,ACCGG,94,13182,0.007130936125018965,C,True,0.7484877557146639
MMR_def_pol_exo,ACCGT,96,11147,0.00861218265004037,C,True,0.9039645217010465
MMR_def_pol_exo,ACCTA,23,2511,0.009159697331740343,C,False,0.9614335591656545
MMR_def_pol_exo,ACCTC,28,4029,0.006949615289153636,C,False,0.7294556927257689
MMR_def_pol_exo,ACCTG,164,12351,0.013278277062586025,C,False,1.3937339535916935
MMR_def_pol_exo,ACCTT,73,8063,0.009053702095994046,C,False,0.9503079320769696
MMR_def_pol_exo,AGCAA,227,13196,0.017202182479539255,C,False,1.8056006577215282
MMR_def_pol_exo,AGCAC,148,8941,0.016552958282071355,C,False,1.7374558371819795
MMR_def_pol_exo,AGCAG,215,14204,0.015136581244719798,C,False,1.5887879973154104
MMR_def_pol_exo,AGCAT,164,9516,0.017234131988230348,C,False,1.808954188819988
MMR_def_pol_exo,AGCCA,149,12409,0.012007413973728745,C,False,1.2603397617881789
MMR_def_pol_exo,AGCCC,71,6415,0.011067809820732659,C,False,1.1617156553025318
MMR_def_pol_exo,AGCCG,122,9975,0.012230576441102757,C,False,1.283763667350659
MMR_def_pol_exo,AGCCT,83,6478,0.012812596480395184,C,False,1.3448545066673259
MMR_def_pol_exo,AGCGA,80,11590,0.006902502157031924,C,True,0.7245105351884934
MMR_def_pol_exo,AGCGC,241,15786,0.01526669200557456,C,True,1.6024448734504844
MMR_def_pol_exo,AGCGG,107,13343,0.008019186090084689,C,True,0.8417215487552521
MMR_def_pol_exo,AGCGT,163,12709,0.012825556692107954,C,True,1.3462148553800908
MMR_def_pol_exo,AGCTA,44,3561,0.012356079752878404,C,False,1.296936929671174
MMR_def_pol_exo,AGCTC,75,5154,0.014551804423748545,C,False,1.5274077966448336
MMR_def_pol_exo,AGCTG,152,11272,0.0134847409510291,C,False,1.4154051184692877
MMR_def_pol_exo,AGCTT,93,6692,0.013897190675433354,C,False,1.4586972701801055
MMR_def_pol_exo,ATCAA,229,14465,0.015831316972001384,C,False,1.6617098656663776
MMR_def_pol_exo,ATCAC,140,12322,0.011361791916896609,C,False,1.1925730344068022
MMR_def_pol_exo,ATCAG,237,15961,0.014848693690871499,C,False,1.5585703224827776
MMR_def_pol_exo,ATCAT,195,12426,0.015692901979719943,C,False,1.6471813486366835
MMR_def_pol_exo,ATCCA,132,10509,0.012560662289466172,C,False,1.3184106213414362
MMR_def_pol_exo,ATCCC,44,7922,0.00555415299166877,C,False,0.5829831363997792
MMR_def_pol_exo,ATCCG,131,10998,0.011911256592107657,C,False,1.2502467499446916
MMR_def_pol_exo,ATCCT,49,7008,0.006992009132420091,C,False,0.7339054973581928
MMR_def_pol_exo,ATCGA,70,10772,0.006498329001113999,C,True,0.682087120774258
MMR_def_pol_exo,ATCGC,110,17734,0.006202774331792038,C,True,0.6510646789442668
MMR_def_pol_exo,ATCGG,64,10514,0.006087121932661214,C,True,0.6389254025364001
MMR_def_pol_exo,ATCGT,58,9602,0.006040408248281608,C,True,0.6340221724177372
MMR_def_pol_exo,ATCTA,16,3144,0.005089058524173028,C,False,0.5341652101039847
MMR_def_pol_exo,ATCTC,38,7784,0.004881808838643371,C,False,0.5124115652423501
MMR_def_pol_exo,ATCTG,70,12274,0.005703112269838683,C,False,0.598618418199471
MMR_def_pol_exo,ATCTT,58,9675,0.005994832041343669,C,False,0.6292383358713294
MMR_def_pol_exo,CACAA,77,7533,0.010221691225275454,C,False,1.0729041167500781
MMR_def_pol_exo,CACAC,48,5191,0.009246773261413986,C,False,0.9705733503565368
MMR_def_pol_exo,CACAG,56,6678,0.008385744234800839,C,False,0.8801967613034212
MMR_def_pol_exo,CACAT,53,6432,0.008240049751243782,C,False,0.8649041636548427
MMR_def_pol_exo,CACCA,137,17144,0.00799113392440504,C,False,0.8387770962788332
MMR_def_pol_exo,CACCC,25,6749,0.003704252481849163,C,False,0.3888111712306748
MMR_def_pol_exo,CACCG,79,15137,0.005218999801810134,C,False,0.5478042966934799
MMR_def_pol_exo,CACCT,55,7732,0.0071132953957578895,C,False,0.7466361236677204
MMR_def_pol_exo,CACGA,36,6364,0.0056568196103079825,C,True,0.5937593803072889
MMR_def_pol_exo,CACGC,112,12725,0.008801571709233793,C,True,0.9238434533570525
MMR_def_pol_exo,CACGG,51,8245,0.006185567010309278,C,True,0.6492585388789668
MMR_def_pol_exo,CACGT,33,5535,0.005962059620596206,C,True,0.6257984290730421
MMR_def_pol_exo,CACTA,28,4236,0.0066100094428706326,C,False,0.6938094867781216
MMR_def_pol_exo,CACTC,29,4766,0.006084767100293748,C,False,0.6386782311744768
MMR_def_pol_exo,CACTG,58,10352,0.0056027820710973725,C,False,0.5880874130173022
MMR_def_pol_exo,CACTT,39,8105,0.004811844540407156,C,False,0.5050678701581598
MMR_def_pol_exo,CCCAA,53,4358,0.01216154199173933,C,False,1.2765175724249533
MMR_def_pol_exo,CCCAC,69,6087,0.011335633316904879,C,False,1.1898273371438925
MMR_def_pol_exo,CCCAG,108,10068,0.010727056019070322,C,False,1.1259489559819986
MMR_def_pol_exo,CCCAT,87,6496,0.013392857142857142,C,False,1.405760675697763
MMR_def_pol_exo,CCCCA,54,5863,0.009210301893228722,C,False,0.9667451892228177
MMR_def_pol_exo,CCCCC,19,2975,0.006386554621848739,C,False,0.6703548947641097
MMR_def_pol_exo,CCCCG,62,5079,0.01220712738728096,C,False,1.281302373439032
MMR_def_pol_exo,CCCCT,40,3669,0.010902153175252113,C,False,1.1443277599938182
MMR_def_pol_exo,CCCGA,36,5554,0.006481814908174289,C,True,0.6803537443780315
MMR_def_pol_exo,CCCGC,84,11168,0.007521489971346705,C,True,0.789481640219947
MMR_def_pol_exo,CCCGG,65,9405,0.006911217437533227,C,True,0.7254253212177718
MMR_def_pol_exo,CCCGT,52,6397,0.008128810379865563,C,True,0.8532280939256707
MMR_def_pol_exo,CCCTA,19,1714,0.011085180863477246,C,False,1.1635389801185685
MMR_def_pol_exo,CCCTC,29,2824,0.010269121813031162,C,False,1.0778825955302962
MMR_def_pol_exo,CCCTG,129,8604,0.01499302649930265,C,False,1.5737199939935904
MMR_def_pol_exo,CCCTT,49,5061,0.009681881051175657,C,False,1.016243771089946
MMR_def_pol_exo,CGCAA,122,13112,0.009304453935326418,C,False,0.9766277136838637
MMR_def_pol_exo,CGCAC,86,9994,0.008605163097858715,C,False,0.9032277251898374
MMR_def_pol_exo,CGCAG,132,15918,0.008292499057670561,C,False,0.8704094245305409
MMR_def_pol_exo,CGCAT,121,11827,0.010230827766973873,C,False,1.0738631198137643
MMR_def_pol_exo,CGCCA,217,26129,0.008304948524627808,C,False,0.8717161637046559
MMR_def_pol_exo,CGCCC,78,11402,0.006840905104367655,C,False,0.7180450951818779
MMR_def_pol_exo,CGCCG,172,20443,0.00841363792007044,C,False,0.8831245791270592
MMR_def_pol_exo,CGCCT,142,11699,0.012137789554662791,C,False,1.2740244343560545
MMR_def_pol_exo,CGCGA,66,12773,0.005167149455883504,C,True,0.5423619047865479
MMR_def_pol_exo,CGCGC,301,18694,0.01610142291644378,C,True,1.690061121184087
MMR_def_pol_exo,CGCGG,91,12594,0.007225663014133714,C,True,0.7584306181097665
MMR_def_pol_exo,CGCGT,164,12391,0.013235412799612623,C,True,1.3892347720773954
MMR_def_pol_exo,CGCTA,56,7821,0.007160209691855261,C,False,0.7515604106871558
MMR_def_pol_exo,CGCTC,95,8212,0.011568436434486119,C,False,1.214263158745267
MMR_def_pol_exo,CGCTG,222,24172,0.009184180043024988,C,False,0.9640033493449496
MMR_def_pol_exo,CGCTT,115,13223,0.00869696740527868,C,False,0.9128638232870597
MMR_def_pol_exo,CTCAA,114,7042,0.016188582788980402,C,False,1.6992097233086279
MMR_def_pol_exo,CTCAC,61,5584,0.01092406876790831,C,False,1.1466280965099234
MMR_def_pol_exo,CTCAG,63,4801,0.013122266194542804,C,False,1.377358512493705
MMR_def_pol_exo,CTCAT,104,6279,0.016563146997929608,C,False,1.7385252800899873
MMR_def_pol_exo,CTCCA,75,6095,0.012305168170631665,C,False,1.2915930736517593
MMR_def_pol_exo,CTCCC,25,3771,0.006629541235746487,C,False,0.6958596114123109
MMR_def_pol_exo,CTCCG,65,5321,0.012215748919376056,C,False,1.2822073193108707
MMR_def_pol_exo,CTCCT,38,3966,0.009581442259203227,C,False,1.005701367586095
MMR_def_pol_exo,CTCGA,41,4786,0.00856665273715002,C,True,0.8991855443382264
MMR_def_pol_exo,CTCGC,52,7463,0.006967707356291036,C,True,0.7313546987595491
MMR_def_pol_exo,CTCGG,47,4862,0.009666803784450843,C,True,1.0146612089500924
MMR_def_pol_exo,CTCGT,33,3809,0.008663691257547913,C,True,0.9093710435598026
MMR_def_pol_exo,CTCTA,17,2723,0.006243114212265883,C,False,0.6552988925274918
MMR_def_pol_exo,CTCTC,19,4241,0.004480075453902382,C,False,0.4702442376616898
MMR_def_pol_exo,CTCTG,54,6983,0.007733066017471001,C,False,0.8116893948751798
MMR_def_pol_exo,CTCTT,46,7523,0.006114581948690682,C,False,0.6418077009344565
MMR_def_pol_exo,GACAA,103,8206,0.012551791372166707,C,False,1.31747949913473
MMR_def_pol_exo,GACAC,40,4583,0.008727907484180668,C,False,0.9161114011384069
MMR_def_pol_exo,GACAG,71,6519,0.010891240987881577,C,False,1.1431823790099311
MMR_def_pol_exo,GACAT,72,6963,0.01034037052994399,C,False,1.0853611076477343
MMR_def_pol_exo,GACCA,83,9736,0.00852506162695152,C,False,0.8948199973491102
MMR_def_pol_exo,GACCC,21,3735,0.005622489959839358,C,False,0.5901560212835589
MMR_def_pol_exo,GACCG,46,8514,0.005402865867982147,C,False,0.567103515871496
MMR_def_pol_exo,GACCT,41,5305,0.007728557964184732,C,False,0.8112162139873237
MMR_def_pol_exo,GACGA,52,8663,0.006002539535957521,C,True,0.6300473412031069
MMR_def_pol_exo,GACGC,116,11769,0.009856402413119211,C,True,1.0345621377440923
MMR_def_pol_exo,GACGG,60,8932,0.006717420510523959,C,True,0.7050837244879062
MMR_def_pol_exo,GACGT,58,7169,0.008090389175617241,C,True,0.8491952712449592
MMR_def_pol_exo,GACTA,23,2986,0.007702612190221032,C,False,0.8084928556814998
MMR_def_pol_exo,GACTC,24,3569,0.0067245727094424204,C,False,0.7058344440600703
MMR_def_pol_exo,GACTG,44,6945,0.0063354931605471565,C,False,0.6649953069199497
MMR_def_pol_exo,GACTT,22,5417,0.004061288536090087,C,False,0.4262869121800859
MMR_def_pol_exo,GCCAA,218,11039,0.019748165594709665,C,False,2.072835864229041
MMR_def_pol_exo,GCCAC,186,11629,0.015994496517327372,C,False,1.6788377559627254
MMR_def_pol_exo,GCCAG,391,25906,0.015093028642013433,C,False,1.5842165652784796
MMR_def_pol_exo,GCCAT,297,14411,0.020609256817708695,C,False,2.163218981630254
MMR_def_pol_exo,GCCCA,158,8803,0.01794842667272521,C,False,1.8839290330680916
MMR_def_pol_exo,GCCCC,62,5661,0.010952128599187422,C,False,1.1495733535942136
MMR_def_pol_exo,GCCCG,163,10870,0.01499540018399264,C,False,1.5739691441605863
MMR_def_pol_exo,GCCCT,84,5728,0.014664804469273743,C,False,1.53926867283107
MMR_def_pol_exo,GCCGA,140,12485,0.011213456147376852,C,True,1.1770031982347309
MMR_def_pol_exo,GCCGC,264,19411,0.01360053577868219,C,True,1.4275593446681936
MMR_def_pol_exo,GCCGG,141,13129,0.010739584126742327,C,True,1.1272639495579289
MMR_def_pol_exo,GCCGT,184,12498,0.014722355576892302,C,True,1.5453094364314024
MMR_def_pol_exo,GCCTA,43,2876,0.014951321279554937,C,False,1.569342469670938
MMR_def_pol_exo,GCCTC,65,4699,0.013832730368163439,C,False,1.451931293052382
MMR_def_pol_exo,GCCTG,312,17087,0.018259495522912155,C,False,1.9165798970594654
MMR_def_pol_exo,GCCTT,124,8985,0.013800779076238175,C,False,1.4485775747794867
MMR_def_pol_exo,GGCAA,316,17807,0.017745830291458414,C,False,1.8626638151399346
MMR_def_pol_exo,GGCAC,114,9445,0.012069878242456327,C,False,1.26689622779665
MMR_def_pol_exo,GGCAG,254,14764,0.017204009753454347,C,False,1.805792454720941
MMR_def_pol_exo,GGCAT,243,13081,0.01857656142496751,C,False,1.9498602323874483
MMR_def_pol_exo,GGCCA,100,7554,0.013238019592268996,C,False,1.3895083900639789
MMR_def_pol_exo,GGCCC,33,4221,0.007818052594171997,C,False,0.8206098803409827
MMR_def_pol_exo,GGCCG,101,6577,0.015356545537479093,C,False,1.6118762113925391
MMR_def_pol_exo,GGCCT,87,6818,0.012760340275740686,C,False,1.3393695144225093
MMR_def_pol_exo,GGCGA,168,18732,0.008968609865470852,C,True,0.9413763568200266
MMR_def_pol_exo,GGCGC,293,17020,0.017215041128084606,C,True,1.8069503460124476
MMR_def_pol_exo,GGCGG,189,17728,0.010661101083032492,C,True,1.1190260974417212
MMR_def_pol_exo,GGCGT,264,16193,0.016303340949793122,C,True,1.7112551373651768
MMR_def_pol_exo,GGCTA,69,5659,0.012192966955292454,C,False,1.2798160454488203
MMR_def_pol_exo,GGCTC,52,4262,0.012200844673862036,C,False,1.2806429180766106
MMR_def_pol_exo,GGCTG,216,14870,0.014525891055817081,C,False,1.524687839788401
MMR_def_pol_exo,GGCTT,139,10486,0.013255769597558649,C,False,1.3913714921013907
MMR_def_pol_exo,GTCAA,126,6550,0.019236641221374046,C,False,2.019144494193062
MMR_def_pol_exo,GTCAC,93,7774,0.011962953434525341,C,False,1.2556730295916216
MMR_def_pol_exo,GTCAG,208,12676,0.016408961817608078,C,False,1.722341469499058
MMR_def_pol_exo,GTCAT,131,9991,0.013111800620558502,C,False,1.37626000959781
MMR_def_pol_exo,GTCCA,55,5122,0.010737992971495509,C,False,1.1270969363918026
MMR_def_pol_exo,GTCCC,32,2679,0.011944755505785741,C,False,1.2537629119573928
MMR_def_pol_exo,GTCCG,65,5681,0.011441647597254004,C,False,1.200954963220057
MMR_def_pol_exo,GTCCT,43,3038,0.014154048716260697,C,False,1.4856579798464837
MMR_def_pol_exo,GTCGA,66,8114,0.00813408922849396,C,True,0.8537821801625062
MMR_def_pol_exo,GTCGC,105,10985,0.009558488848429678,C,True,1.0032920980856133
MMR_def_pol_exo,GTCGG,72,8131,0.008854999385069487,C,True,0.9294514072747724
MMR_def_pol_exo,GTCGT,87,7310,0.011901504787961696,C,True,1.2492231668033746
MMR_def_pol_exo,GTCTA,10,1959,0.005104645227156712,C,False,0.5358012444381468
MMR_def_pol_exo,GTCTC,25,2986,0.008372404554588079,C,False,0.8787965822624998
MMR_def_pol_exo,GTCTG,99,10383,0.009534816527015313,C,False,1.0008073692341195
MMR_def_pol_exo,GTCTT,33,5632,0.005859375,C,False,0.6150202956177713
MMR_def_pol_exo,TACAA,21,5380,0.003903345724907063,C,False,0.40970868763830715
MMR_def_pol_exo,TACAC,14,4219,0.0033183218772220905,C,False,0.3483025581882108
MMR_def_pol_exo,TACAG,14,6738,0.0020777678836449986,C,False,0.21808971400950752
MMR_def_pol_exo,TACAT,14,4945,0.0028311425682507585,C,False,0.29716653043398616
MMR_def_pol_exo,TACCA,31,8377,0.0037006088098364568,C,False,0.38842871879532315
MMR_def_pol_exo,TACCC,13,6700,0.0019402985074626865,C,False,0.20366045212098932
MMR_def_pol_exo,TACCG,29,13393,0.0021653102366908086,C,False,0.22727846261312298
MMR_def_pol_exo,TACCT,26,5880,0.004421768707482994,C,False,0.46412415959545195
MMR_def_pol_exo,TACGA,7,4807,0.0014562096941959641,C,True,0.1528488135007345
MMR_def_pol_exo,TACGC,66,10839,0.006089122612787158,C,True,0.6391354008523458
MMR_def_pol_exo,TACGG,21,7235,0.002902557014512785,C,True,0.30466243807796717
MMR_def_pol_exo,TACGT,22,5557,0.003958970667626417,C,True,0.4155472742989968
MMR_def_pol_exo,TACTA,6,2392,0.002508361204013378,C,False,0.26328628039824326
MMR_def_pol_exo,TACTC,12,4472,0.0026833631484794273,C,False,0.28165509065858574
MMR_def_pol_exo,TACTG,12,9260,0.0012958963282937365,C,False,0.13602176732453516
MMR_def_pol_exo,TACTT,10,5105,0.0019588638589618022,C,False,0.2056091357207306
MMR_def_pol_exo,TCCAA,17,2627,0.006471259992386753,C,False,0.6792458638570081
MMR_def_pol_exo,TCCAC,43,7720,0.005569948186528497,C,False,0.584641054763422
MMR_def_pol_exo,TCCAG,92,15711,0.00585576984278531,C,False,0.6146418858290263
MMR_def_pol_exo,TCCAT,67,7712,0.008687759336099585,C,False,0.9118973124512461
MMR_def_pol_exo,TCCCA,28,5195,0.005389797882579404,C,False,0.5657318548589265
MMR_def_pol_exo,TCCCC,34,5263,0.006460193805814174,C,False,0.6780843185834545
MMR_def_pol_exo,TCCCG,50,7519,0.006649820454847719,C,False,0.69798818849204
MMR_def_pol_exo,TCCCT,27,4253,0.006348459910651305,C,False,0.6663563419249213
MMR_def_pol_exo,TCCGA,21,3818,0.005500261917234154,C,True,0.5773265425600033
MMR_def_pol_exo,TCCGC,61,11025,0.005532879818594104,C,True,0.5807502304681552
MMR_def_pol_exo,TCCGG,63,12906,0.0048814504881450485,C,True,0.5123739515327969
MMR_def_pol_exo,TCCGT,28,6228,0.00449582530507386,C,True,0.4718973965947532
MMR_def_pol_exo,TCCTA,6,1144,0.005244755244755245,C,False,0.5505076771963268
MMR_def_pol_exo,TCCTC,17,4625,0.0036756756756756758,C,False,0.38581165067078066
MMR_def_pol_exo,TCCTG,74,11428,0.00647532376618831,C,False,0.67967241163126
MMR_def_pol_exo,TCCTT,31,5099,0.006079623455579526,C,False,0.6381383364087904
MMR_def_pol_exo,TGCAA,88,10252,0.008583690987124463,C,False,0.900973938072386
MMR_def_pol_exo,TGCAC,77,7733,0.00995732574679943,C,False,1.0451554004239414
MMR_def_pol_exo,TGCAG,118,12529,0.00941814989224998,C,False,0.9885616351409602
MMR_def_pol_exo,TGCAT,112,9022,0.012414098869430281,C,False,1.3030268171102297
MMR_def_pol_exo,TGCCA,158,16893,0.009352986444089268,C,False,0.9817218539098094
MMR_def_pol_exo,TGCCC,73,9024,0.008089539007092198,C,False,0.8491060346117694
MMR_def_pol_exo,TGCCG,170,20528,0.008281371784879189,C,False,0.869241467435873
MMR_def_pol_exo,TGCCT,120,8652,0.013869625520110958,C,False,1.4558039359976835
MMR_def_pol_exo,TGCGA,65,7826,0.008305647840531562,C,True,0.8717895663241941
MMR_def_pol_exo,TGCGC,469,18680,0.025107066381156316,C,True,2.6353246528569625
MMR_def_pol_exo,TGCGG,147,13431,0.010944829126647309,C,True,1.1488071756725968
MMR_def_pol_exo,TGCGT,206,10914,0.018874839655488362,C,True,1.9811685486347068
MMR_def_pol_exo,TGCTA,25,4180,0.005980861244019139,C,False,0.6277719125923025
MMR_def_pol_exo,TGCTC,120,8681,0.013823292247436931,C,False,1.4509406352093026
MMR_def_pol_exo,TGCTG,286,23734,0.012050223308334036,C,False,1.2648331778306998
MMR_def_pol_exo,TGCTT,114,9262,0.012308356726408983,C,False,1.2919277555106197
MMR_def_pol_exo,TTCAA,137,10714,0.012787007653537427,C,False,1.3421686147661298
MMR_def_pol_exo,TTCAC,154,12427,0.0123923714492637,C,False,1.300746231830424
MMR_def_pol_exo,TTCAG,180,15592,0.011544381734222679,C,False,1.2117382940852959
MMR_def_pol_exo,TTCAT,167,13029,0.012817560825850028,C,False,1.3453755815616937
MMR_def_pol_exo,TTCCA,177,12044,0.01469611424775822,C,False,1.5425550556311554
MMR_def_pol_exo,TTCCC,73,7858,0.009289895647747518,C,False,0.975099625392798
MMR_def_pol_exo,TTCCG,124,11977,0.010353176922434667,C,False,1.0867053109621516
MMR_def_pol_exo,TTCCT,87,8284,0.010502172863351039,C,False,1.1023444410107037
MMR_def_pol_exo,TTCGA,44,7252,0.006067291781577496,C,True,0.6368439611912646
MMR_def_pol_exo,TTCGC,137,14739,0.009295067507972047,C,True,0.9756424817561786
MMR_def_pol_exo,TTCGG,69,8485,0.008131997642899234,C,True,0.85356264009368
MMR_def_pol_exo,TTCGT,63,8172,0.007709251101321586,C,True,0.8091896987863775
MMR_def_pol_exo,TTCTA,22,3481,0.006320022981901752,C,False,0.6633715033839487
MMR_def_pol_exo,TTCTC,59,8317,0.007093904051941806,C,False,0.74460074105333
MMR_def_pol_exo,TTCTG,86,13716,0.006270049577136191,C,False,0.6581261217226039
MMR_def_pol_exo,TTCTT,50,11321,0.004416570974295557,C,False,0.4635785875162661
MMR_def_pol_exo,AATAA,45,13926,0.003231365790607497,T,False,0.4860504092665205
MMR_def_pol_exo,AATAC,81,9558,0.00847457627118644,T,False,1.2747152541328746
MMR_def_pol_exo,AATAG,36,5445,0.006611570247933884,T,False,0.9944885949598625
MMR_def_pol_exo,AATAT,69,12948,0.005329008341056534,T,False,0.8015702501660384
MMR_def_pol_exo,AATCA,54,14388,0.0037531276063386154,T,False,0.5645319432398301
MMR_def_pol_exo,AATCC,100,9086,0.01100594320933304,T,False,1.6554743560167202
MMR_def_pol_exo,AATCG,38,10369,0.003664769987462629,T,False,0.5512415082970209
MMR_def_pol_exo,AATCT,60,7937,0.007559531309058838,T,False,1.1370774851027783
MMR_def_pol_exo,AATGA,31,10966,0.002826919569578698,T,False,0.4252150647107473
MMR_def_pol_exo,AATGC,150,13018,0.011522507297587956,T,False,1.7331740665349424
MMR_def_pol_exo,AATGG,46,11605,0.003963808703145196,T,False,0.5962218353669317
MMR_def_pol_exo,AATGT,43,7881,0.00545616038573785,T,False,0.8206960029780745
MMR_def_pol_exo,AATTA,2,9156,0.00021843599825251202,T,False,0.032856356484857845
MMR_def_pol_exo,AATTC,51,8304,0.006141618497109827,T,False,0.923800144433001
MMR_def_pol_exo,AATTG,57,8694,0.006556245686680469,T,False,0.9861668736252259
MMR_def_pol_exo,AATTT,47,13164,0.0035703433606806443,T,False,0.5370381950334946
MMR_def_pol_exo,ACTAA,16,3630,0.004407713498622589,T,False,0.6629923966399083
MMR_def_pol_exo,ACTAC,46,4568,0.010070052539404553,T,False,1.51470105066402
MMR_def_pol_exo,ACTAG,2,513,0.003898635477582846,T,False,0.586418713402258
MMR_def_pol_exo,ACTAT,46,4540,0.01013215859030837,T,False,1.5240428192584237
MMR_def_pol_exo,ACTCA,17,6109,0.0027827795056474054,T,False,0.4185756751989763
MMR_def_pol_exo,ACTCC,35,4541,0.007707553402334287,T,False,1.159342435491912
MMR_def_pol_exo,ACTCG,8,4053,0.0019738465334320256,T,False,0.29689888968700556
MMR_def_pol_exo,ACTCT,43,4732,0.009087066779374472,T,False,1.3668438714011426
MMR_def_pol_exo,ACTGA,29,9395,0.0030867482703565725,T,False,0.46429756249523113
MMR_def_pol_exo,ACTGC,110,10657,0.010321854180350943,T,False,1.552576147006166
MMR_def_pol_exo,ACTGG,74,14618,0.0050622520180599265,T,False,0.7614457243869381
MMR_def_pol_exo,ACTGT,28,6263,0.004470700942040556,T,False,0.6724667411232665
MMR_def_pol_exo,ACTTA,4,4306,0.0009289363678588017,T,False,0.13972726427095142
MMR_def_pol_exo,ACTTC,48,8826,0.005438477226376614,T,False,0.818036165806549
MMR_def_pol_exo,ACTTG,19,3361,0.005653079440642666,T,False,0.850315858305833
MMR_def_pol_exo,ACTTT,32,9566,0.00334518084883964,T,False,0.5031700605901875
MMR_def_pol_exo,AGTAA,99,7477,0.013240604520529624,T,False,1.9916040656386573
MMR_def_pol_exo,AGTAC,111,5456,0.02034457478005865,T,False,3.0601576976965528
MMR_def_pol_exo,AGTAG,38,3300,0.011515151515151515,T,False,1.7320676362217604
MMR_def_pol_exo,AGTAT,83,4996,0.016613290632506005,T,False,2.4989113688905875
MMR_def_pol_exo,AGTCA,51,6214,0.008207273897650467,T,False,1.2345085933974316
MMR_def_pol_exo,AGTCC,64,3337,0.01917890320647288,T,False,2.884821576029808
MMR_def_pol_exo,AGTCG,32,5870,0.00545144804088586,T,False,0.8199871890299377
MMR_def_pol_exo,AGTCT,57,3496,0.016304347826086956,T,False,2.4524413041469435
MMR_def_pol_exo,AGTGA,49,8049,0.006087712759348988,T,False,0.9156918374203356
MMR_def_pol_exo,AGTGC,102,7638,0.01335428122545169,T,False,2.008702906355496
MMR_def_pol_exo,AGTGG,49,7415,0.0066082265677680375,T,False,0.9939856506266056
MMR_def_pol_exo,AGTGT,47,4357,0.010787238925866421,T,False,1.6225776450357865
MMR_def_pol_exo,AGTTA,24,5900,0.004067796610169492,T,False,0.6118633219837798
MMR_def_pol_exo,AGTTC,132,8355,0.015798922800718134,T,False,2.376417091367284
MMR_def_pol_exo,AGTTG,113,7910,0.014285714285714285,T,False,2.148805714109703
MMR_def_pol_exo,AGTTT,112,9908,0.011303996770286637,T,False,1.7003064996588686
MMR_def_pol_exo,ATTAA,35,12729,0.002749626836357923,T,False,0.41358897003447026
MMR_def_pol_exo,ATTAC,66,10318,0.006396588486140725,T,False,0.9621518122879267
MMR_def_pol_exo,ATTAG,19,3765,0.005046480743691899,T,False,0.7590734660732814
MMR_def_pol_exo,ATTAT,67,11351,0.005902563650779667,T,False,0.8878423750484103
MMR_def_pol_exo,ATTCA,45,11275,0.003991130820399113,T,False,0.6003315298843073
MMR_def_pol_exo,ATTCC,53,8179,0.006480009781146839,T,False,0.9746997431650566
MMR_def_pol_exo,ATTCG,33,7581,0.004352987732489117,T,False,0.6547607439115437
MMR_def_pol_exo,ATTCT,59,7683,0.007679291943251334,T,False,1.155091448558255
MMR_def_pol_exo,ATTGA,28,11237,0.0024917682655513037,T,False,0.37480281210777056
MMR_def_pol_exo,ATTGC,143,14598,0.009795862446910535,T,False,1.473458364038781
MMR_def_pol_exo,ATTGG,36,7692,0.0046801872074883,T,False,0.7039769110187795
MMR_def_pol_exo,ATTGT,66,8444,0.007816200852676456,T,False,1.175684793840221
MMR_def_pol_exo,ATTTA,4,10412,0.000384172109104879,T,False,0.057785785627229816
MMR_def_pol_exo,ATTTC,53,13185,0.004019719378081153,T,False,0.6046317178116798
MMR_def_pol_exo,ATTTG,44,9960,0.004417670682730923,T,False,0.6644901204274984
MMR_def_pol_exo,ATTTT,43,18036,0.0023841206475937013,T,False,0.35861084494733897
MMR_def_pol_exo,CATAA,30,9192,0.0032637075718015664,T,False,0.49091514356292165
MMR_def_pol_exo,CATAC,46,5815,0.007910576096302666,T,False,1.1898803782344358
MMR_def_pol_exo,CATAG,25,4086,0.006118453255017132,T,False,0.9203157121125747
MMR_def_pol_exo,CATAT,57,7520,0.007579787234042553,T,False,1.1401243084172492
MMR_def_pol_exo,CATCA,57,18718,0.0030451971364462015,T,False,0.45804759051702715
MMR_def_pol_exo,CATCC,127,10464,0.012136850152905198,T,False,1.8255813071899138
MMR_def_pol_exo,CATCG,75,14522,0.005164577881834458,T,False,0.7768372124415328
MMR_def_pol_exo,CATCT,78,9008,0.008658969804618118,T,False,1.3024510656126753
MMR_def_pol_exo,CATGA,17,8640,0.0019675925925925924,T,False,0.2959581944202021
MMR_def_pol_exo,CATGC,78,8366,0.009323452067893857,T,False,1.4024000955102771
MMR_def_pol_exo,CATGG,41,7785,0.0052665382145150935,T,False,0.7921737186249002
MMR_def_pol_exo,CATGT,41,5737,0.007146592295624891,T,False,1.0749646852875803
MMR_def_pol_exo,CATTA,7,10810,0.0006475485661424607,T,False,0.0974019241363325
MMR_def_pol_exo,CATTC,50,8960,0.005580357142857143,T,False,0.8393772320741028
MMR_def_pol_exo,CATTG,59,11536,0.005114424410540916,T,False,0.7692933078426728
MMR_def_pol_exo,CATTT,30,12164,0.0024662939822426835,T,False,0.3709710621202217
MMR_def_pol_exo,CCTAA,12,2355,0.005095541401273885,T,False,0.7664529935677921
MMR_def_pol_exo,CCTAC,10,3022,0.0033090668431502318,T,False,0.4977379218652522
MMR_def_pol_exo,CCTAG,1,250,0.004,T,False,0.6016655999507168
MMR_def_pol_exo,CCTAT,21,2618,0.008021390374331552,T,False,1.2065486630027744
MMR_def_pol_exo,CCTCA,9,4206,0.0021398002853067048,T,False,0.32186105560844336
MMR_def_pol_exo,CCTCC,24,3134,0.007657945118059987,T,False,1.1518805359618063
MMR_def_pol_exo,CCTCG,9,4671,0.0019267822736030828,T,False,0.2898196531554513
MMR_def_pol_exo,CCTCT,27,4166,0.006481036965914546,T,False,0.9748542485999372
MMR_def_pol_exo,CCTGA,29,13617,0.002129690827641918,T,False,0.32034042738067836
MMR_def_pol_exo,CCTGC,124,15531,0.007984031936127744,T,False,1.2009293412189956
MMR_def_pol_exo,CCTGG,60,12050,0.004979253112033195,T,False,0.7489613277394814
MMR_def_pol_exo,CCTGT,36,8272,0.004352030947775629,T,False,0.6546168277993776
MMR_def_pol_exo,CCTTA,3,4463,0.0006721935917544253,T,False,0.10110894016648837
MMR_def_pol_exo,CCTTC,41,8760,0.0046803652968036525,T,False,0.7040036985724711
MMR_def_pol_exo,CCTTG,17,4768,0.0035654362416107383,T,False,0.5363000838486884
MMR_def_pol_exo,CCTTT,36,9217,0.003905826190734512,T,False,0.5875003145878758
MMR_def_pol_exo,CGTAA,82,9765,0.008397337429595494,T,False,1.2630972656415458
MMR_def_pol_exo,CGTAC,106,6708,0.015802027429934407,T,False,2.376884078517292
MMR_def_pol_exo,CGTAG,77,5296,0.0145392749244713,T,False,2.1869453925701094
MMR_def_pol_exo,CGTAT,103,6669,0.015444594391962814,T,False,2.323120287708946
MMR_def_pol_exo,CGTCA,96,12537,0.00765733429050012,T,False,1.1517886574792378
MMR_def_pol_exo,CGTCC,105,5895,0.017811704834605598,T,False,2.6791725188645152
MMR_def_pol_exo,CGTCG,77,10668,0.007217847769028871,T,False,1.0856826770764247
MMR_def_pol_exo,CGTCT,128,7433,0.017220503161576754,T,False,2.5902460915408234
MMR_def_pol_exo,CGTGA,63,9563,0.006587890829237687,T,False,0.9909268220457795
MMR_def_pol_exo,CGTGC,135,8854,0.015247345832392139,T,False,2.2934508694755693
MMR_def_pol_exo,CGTGG,77,9816,0.007844335778321108,T,False,1.1799167480696107
MMR_def_pol_exo,CGTGT,57,4636,0.012295081967213115,T,False,1.8493819670616296
MMR_def_pol_exo,CGTTA,41,11745,0.0034908471690080884,T,False,0.5250806640693783
MMR_def_pol_exo,CGTTC,187,9842,0.019000203210729528,T,False,2.8579421659922795
MMR_def_pol_exo,CGTTG,154,12927,0.011913050204997293,T,False,1.7919181247081766
MMR_def_pol_exo,CGTTT,161,14118,0.011403881569627426,T,False,1.7153308115892019
MMR_def_pol_exo,CTTAA,22,6437,0.0034177411837812647,T,False,0.5140843249540069
MMR_def_pol_exo,CTTAC,20,5185,0.003857280617164899,T,False,0.5801982641761976
MMR_def_pol_exo,CTTAG,8,1990,0.004020100502512563,T,False,0.6046890451765998
MMR_def_pol_exo,CTTAT,27,6215,0.004344328238133548,T,False,0.6534582139448655
MMR_def_pol_exo,CTTCA,28,12514,0.002237494006712482,T,False,0.3365557934836997
MMR_def_pol_exo,CTTCC,98,10972,0.00893182646737149,T,False,1.3434931825366898
MMR_def_pol_exo,CTTCG,33,10035,0.003288490284005979,T,False,0.4946428699146401
MMR_def_pol_exo,CTTCT,43,8414,0.005110530068932731,T,False,0.7687075349976475
MMR_def_pol_exo,CTTGA,10,4802,0.0020824656393169513,T,False,0.31323698456409665
MMR_def_pol_exo,CTTGC,68,7715,0.00881399870382372,T,False,1.3257699545252346
MMR_def_pol_exo,CTTGG,14,2362,0.0059271803556308214,T,False,0.8915451311716803
MMR_def_pol_exo,CTTGT,23,4451,0.0051673781172770165,T,False,0.7772584137759204
MMR_def_pol_exo,CTTTA,4,10679,0.0003745669070137653,T,False,0.05634100570753037
MMR_def_pol_exo,CTTTC,35,11971,0.0029237323531868683,T,False,0.43977729509387453
MMR_def_pol_exo,CTTTG,46,10887,0.0042252227427206765,T,False,0.6355427941061123
MMR_def_pol_exo,CTTTT,25,12452,0.0020077096048827497,T,False,0.30199245098714905
MMR_def_pol_exo,GATAA,60,15180,0.003952569169960474,T,False,0.5945312252477438
MMR_def_pol_exo,GATAC,46,7454,0.006171183257311511,T,False,0.9282471692290373
MMR_def_pol_exo,GATAG,33,5812,0.0056779077770130765,T,False,0.8540504472803534
MMR_def_pol_exo,GATAT,67,11924,0.005618919825561892,T,False,0.8451776919804183
MMR_def_pol_exo,GATCA,15,11156,0.0013445679455001793,T,False,0.20224506990096702
MMR_def_pol_exo,GATCC,21,8246,0.0025466893039049238,T,False,0.38306383698050733
MMR_def_pol_exo,GATCG,17,10956,0.001551661190215407,T,False,0.23339529023279904
MMR_def_pol_exo,GATCT,12,7890,0.001520912547528517,T,False,0.22877019009532956
MMR_def_pol_exo,GATGA,40,15579,0.002567558893382117,T,False,0.3862029654988875
MMR_def_pol_exo,GATGC,91,14307,0.006360522820996715,T,False,0.9567269447738035
MMR_def_pol_exo,GATGG,49,12952,0.0037831995058678195,T,False,0.5690552501078042
MMR_def_pol_exo,GATGT,59,9874,0.005975288636823982,T,False,0.8987814056383505
MMR_def_pol_exo,GATTA,12,10010,0.0011988011988011988,T,False,0.18031936062459045
MMR_def_pol_exo,GATTC,51,7181,0.007102074919927587,T,False,1.0682685418982927
MMR_def_pol_exo,GATTG,55,10438,0.005269208660662962,T,False,0.7925753975208235
MMR_def_pol_exo,GATTT,43,14151,0.0030386545120486184,T,False,0.45706347250867113
MMR_def_pol_exo,GCTAA,28,6664,0.004201680672268907,T,False,0.6320016806205009
MMR_def_pol_exo,GCTAC,48,6497,0.007388025242419579,T,False,1.111280159982854
MMR_def_pol_exo,GCTAG,5,707,0.007072135785007072,T,False,1.0637652050048034
MMR_def_pol_exo,GCTAT,49,7353,0.0066639466884264925,T,False,1.0023668705829296
MMR_def_pol_exo,GCTCA,30,8319,0.003606202668589975,T,False,0.5424320230352658
MMR_def_pol_exo,GCTCC,40,5248,0.007621951219512195,T,False,1.1464664633207255
MMR_def_pol_exo,GCTCG,25,6733,0.0037130551017377097,T,False,0.5585043813592723
MMR_def_pol_exo,GCTCT,50,6009,0.008320852055250457,T,False,1.2515926109808553
MMR_def_pol_exo,GCTGA,40,17661,0.002264877413509994,T,False,0.34067470695357954
MMR_def_pol_exo,GCTGC,142,17989,0.007893712824503863,T,False,1.187343865598446
MMR_def_pol_exo,GCTGG,95,26346,0.0036058604721779398,T,False,0.5423805510828787
MMR_def_pol_exo,GCTGT,74,12052,0.006140059741121805,T,False,0.9235656819688235
MMR_def_pol_exo,GCTTA,7,6938,0.0010089362928797925,T,False,0.1517605649918931
MMR_def_pol_exo,GCTTC,77,11481,0.0067067328629910284,T,False,1.0088026129301715
MMR_def_pol_exo,GCTTG,33,6296,0.005241423125794155,T,False,0.7883959973941254
MMR_def_pol_exo,GCTTT,42,14948,0.00280974043350281,T,False,0.4226310409073138
MMR_def_pol_exo,GGTAA,94,12742,0.007377177837074243,T,False,1.1096485323216014
MMR_def_pol_exo,GGTAC,78,6556,0.011897498474679682,T,False,1.7895788894202223
MMR_def_pol_exo,GGTAG,59,5653,0.0104369361401026,T,False,1.5698863610955374
MMR_def_pol_exo,GGTAT,111,9399,0.011809766996488988,T,False,1.7763826363051805
MMR_def_pol_exo,GGTCA,73,10964,0.00665815395840934,T,False,1.001495548987649
MMR_def_pol_exo,GGTCC,39,2875,0.013565217391304348,T,False,2.040431165050257
MMR_def_pol_exo,GGTCG,50,8517,0.005870611717740989,T,False,0.883036280308085
MMR_def_pol_exo,GGTCT,55,4934,0.01114714227807053,T,False,1.6767130116178266
MMR_def_pol_exo,GGTGA,51,14735,0.0034611469290804207,T,False,0.5206132609006882
MMR_def_pol_exo,GGTGC,106,11775,0.009002123142250532,T,False,1.3540669553030995
MMR_def_pol_exo,GGTGG,73,11744,0.006215940054495913,T,False,0.9349793255364937
MMR_def_pol_exo,GGTGT,60,8508,0.007052186177715092,T,False,1.0607644568947758
MMR_def_pol_exo,GGTTA,26,9878,0.0026321117635148814,T,False,0.3959127758331301
MMR_def_pol_exo,GGTTC,85,7001,0.012141122696757605,T,False,1.8262239678549823
MMR_def_pol_exo,GGTTG,98,10283,0.009530292716133424,T,False,1.4335123211895908
MMR_def_pol_exo,GGTTT,107,13697,0.007811929619624736,T,False,1.1750423303410729
MMR_def_pol_exo,GTTAA,51,11513,0.004429775036914792,T,False,0.6663108138080117
MMR_def_pol_exo,GTTAC,49,8285,0.0059143029571514785,T,False,0.8896081592512107
MMR_def_pol_exo,GTTAG,23,4345,0.005293440736478711,T,False,0.7962202991292571
MMR_def_pol_exo,GTTAT,61,10905,0.005593764328289775,T,False,0.8413938926408465
MMR_def_pol_exo,GTTCA,29,11210,0.0025869759143621767,T,False,0.38912360389319334
MMR_def_pol_exo,GTTCC,79,8239,0.009588542298822673,T,False,1.4422740137184924
MMR_def_pol_exo,GTTCG,36,8604,0.0041841004184100415,T,False,0.6293573221241807
MMR_def_pol_exo,GTTCT,66,7893,0.008361839604713038,T,False,1.2577578106153335
MMR_def_pol_exo,GTTGA,27,12176,0.0022174770039421815,T,False,0.33354490798844766
MMR_def_pol_exo,GTTGC,123,13805,0.008909815284317276,T,False,1.340182339622205
MMR_def_pol_exo,GTTGG,44,8693,0.005061543770850109,T,False,0.7613391923913362
MMR_def_pol_exo,GTTGT,59,9093,0.006488507643242054,T,False,0.9759779609890106
MMR_def_pol_exo,GTTTA,7,10046,0.0006967947441767867,T,False,0.10480935694940816
MMR_def_pol_exo,GTTTC,59,11400,0.005175438596491228,T,False,0.7784708420414976
MMR_def_pol_exo,GTTTG,49,11886,0.004122497055359246,T,False,0.620091166026946
MMR_def_pol_exo,GTTTT,53,17145,0.0030912802566345873,T,False,0.4649792475559637
MMR_def_pol_exo,TATAA,26,5811,0.0044742729306487695,T,False,0.673004026790511
MMR_def_pol_exo,TATAC,40,3676,0.01088139281828074,T,False,1.6367399345775757
MMR_def_pol_exo,TATAG,35,3299,0.010609275538041831,T,False,1.5958090329096006
MMR_def_pol_exo,TATAT,30,5376,0.005580357142857143,T,False,0.8393772320741028
MMR_def_pol_exo,TATCA,36,10912,0.0032991202346041057,T,False,0.4962417888156572
MMR_def_pol_exo,TATCC,95,8641,0.01099409790533503,T,False,1.65369262803258
MMR_def_pol_exo,TATCG,60,12775,0.004696673189823875,T,False,0.7064566731319571
MMR_def_pol_exo,TATCT,63,8042,0.007833872171101717,T,False,1.1783428499407846
MMR_def_pol_exo,TATGA,17,6540,0.002599388379204893,T,False,0.39099064216980833
MMR_def_pol_exo,TATGC,79,7755,0.010186976144422953,T,False,1.5322882784044691
MMR_def_pol_exo,TATGG,24,7249,0.0033108014898606706,T,False,0.49799884117868687
MMR_def_pol_exo,TATGT,26,5069,0.0051292168080489245,T,False,0.7715183270230143
MMR_def_pol_exo,TATTA,1,8187,0.00012214486380847684,T,False,0.018372590691056453
MMR_def_pol_exo,TATTC,54,10273,0.005256497615107564,T,False,0.7906634478083011
MMR_def_pol_exo,TATTG,55,11303,0.004865964788109352,T,False,0.7319209058942189
MMR_def_pol_exo,TATTT,38,12114,0.00313686643552914,T,False,0.47183615647447663
MMR_def_pol_exo,TCTAA,10,2386,0.004191114836546521,T,False,0.6304124056482783
MMR_def_pol_exo,TCTAC,31,4490,0.0069042316258351895,T,False,1.0385096658392106
MMR_def_pol_exo,TCTAG,2,300,0.006666666666666667,T,False,1.0027759999178614
MMR_def_pol_exo,TCTAT,17,4131,0.00411522633744856,T,False,0.6189975308134947
MMR_def_pol_exo,TCTCA,13,5072,0.0025630914826498424,T,False,0.3855309936592724
MMR_def_pol_exo,TCTCC,48,6230,0.0077046548956661316,T,False,1.1589064525535477
MMR_def_pol_exo,TCTCG,16,5463,0.0029287937030935385,T,False,0.44053860512591386
MMR_def_pol_exo,TCTCT,41,6563,0.0062471430748133475,T,False,0.9396727715213846
MMR_def_pol_exo,TCTGA,12,8357,0.0014359219815723346,T,False,0.21598621513128521
MMR_def_pol_exo,TCTGC,102,13238,0.007705091403535277,T,False,1.1589721104957909
MMR_def_pol_exo,TCTGG,67,15029,0.004458047774303014,T,False,0.6705634971837452
MMR_def_pol_exo,TCTGT,35,6732,0.005199049316696376,T,False,0.7820222815758723
MMR_def_pol_exo,TCTTA,2,4120,0.0004854368932038835,T,False,0.07301766989693165
MMR_def_pol_exo,TCTTC,62,12868,0.004818153559216661,T,False,0.7247293129651935
MMR_def_pol_exo,TCTTG,22,4905,0.004485219164118246,T,False,0.6746505198224143
MMR_def_pol_exo,TCTTT,33,12258,0.0026921194322075378,T,False,0.4049389133295328
MMR_def_pol_exo,TGTAA,70,6157,0.011369173298684424,T,False,1.7101101184241585
MMR_def_pol_exo,TGTAC,114,5358,0.02127659574468085,T,False,3.200348935908068
MMR_def_pol_exo,TGTAG,77,4328,0.01779112754158965,T,False,2.676077356527564
MMR_def_pol_exo,TGTAT,110,5439,0.020224305938591654,T,False,3.042067291532398
MMR_def_pol_exo,TGTCA,64,7276,0.008796041781198461,T,False,1.323068938869086
MMR_def_pol_exo,TGTCC,90,4413,0.020394289598912305,T,False,3.067635621774559
MMR_def_pol_exo,TGTCG,91,9485,0.00959409594095941,T,False,1.44310937257552
MMR_def_pol_exo,TGTCT,110,5097,0.02158132234647832,T,False,3.2461848143309227
MMR_def_pol_exo,TGTGA,37,5760,0.006423611111111111,T,False,0.9662164582541893
MMR_def_pol_exo,TGTGC,101,7846,0.01287280142747897,T,False,1.9362804484776446
MMR_def_pol_exo,TGTGG,69,7913,0.008719828130923797,T,False,1.311605155964851
MMR_def_pol_exo,TGTGT,42,4315,0.009733487833140209,T,False,1.4640761991848266
MMR_def_pol_exo,TGTTA,26,7525,0.0034551495016611295,T,False,0.5197111494590909
MMR_def_pol_exo,TGTTC,210,10748,0.019538518794194267,T,False,2.9389136581143123
MMR_def_pol_exo,TGTTG,177,12647,0.013995413932157825,T,False,2.1051397800125895
MMR_def_pol_exo,TGTTT,171,12754,0.013407558413046887,T,False,2.0167166691150338
MMR_def_pol_exo,TTTAA,37,11739,0.0031518868728171055,T,False,0.4740954765775731
MMR_def_pol_exo,TTTAC,78,12353,0.0063142556464016834,T,False,0.9497676029336175
MMR_def_pol_exo,TTTAG,35,4935,0.0070921985815602835,T,False,1.0667829786360228
MMR_def_pol_exo,TTTAT,104,15638,0.006650466811612738,T,False,1.0003392760403271
MMR_def_pol_exo,TTTCA,59,16763,0.003519656386088409,T,False,0.5294140427890636
MMR_def_pol_exo,TTTCC,153,12773,0.011978391920457214,T,False,1.8017465903166772
MMR_def_pol_exo,TTTCG,56,12428,0.004505954296749276,T,False,0.6777694238260408
MMR_def_pol_exo,TTTCT,91,12845,0.007084468664850136,T,False,1.0656202723922776
MMR_def_pol_exo,TTTGA,24,10556,0.0022735884804850324,T,False,0.34198499428801643
MMR_def_pol_exo,TTTGC,155,18249,0.008493616088552798,T,False,1.277579154917545
MMR_def_pol_exo,TTTGG,34,8402,0.004046655558200428,T,False,0.6086833610546409
MMR_def_pol_exo,TTTGT,51,11377,0.004482728311505669,T,False,0.6742758547395306
MMR_def_pol_exo,TTTTA,2,13528,0.00014784151389710232,T,False,0.022237788289130575
MMR_def_pol_exo,TTTTC,77,18254,0.004218253533472115,T,False,0.6344945107401828
MMR_def_pol_exo,TTTTG,69,15851,0.004353037663238912,T,False,0.6547682543151766
MMR_def_pol_exo,TTTTT,40,23134,0.0017290567995158642,T,False,0.26007849915739467
pol_exo,AACAA,70,12246,0.0057161522129675,C,False,0.9656186679944678
pol_exo,AACAC,45,7823,0.005752268950530487,C,False,0.9717197994406811
pol_exo,AACAG,59,13384,0.0044082486551105795,C,False,0.7446770197755901
pol_exo,AACAT,68,10221,0.0066529693767733095,C,False,1.1238734009276379
pol_exo,AACCA,61,12650,0.004822134387351779,C,False,0.8145939454589219
pol_exo,AACCC,23,7260,0.0031680440771349864,C,False,0.5351716308342893
pol_exo,AACCG,63,12912,0.004879182156133829,C,False,0.8242309160032704
pol_exo,AACCT,33,8037,0.004106009705113848,C,False,0.6936203716251415
pol_exo,AACGA,29,9059,0.003201236339551827,C,True,0.5407787362836443
pol_exo,AACGC,105,16874,0.00622259096835368,C,True,1.0511703989801102
pol_exo,AACGG,47,11858,0.003963568898633834,C,True,0.6695581184350913
pol_exo,AACGT,61,10841,0.005626787196753067,C,True,0.9505224066096636
pol_exo,AACTA,7,3637,0.00192466318394281,C,False,0.32512967303437595
pol_exo,AACTC,22,6628,0.0033192516596258297,C,False,0.5607148387398171
pol_exo,AACTG,61,14376,0.004243183082915971,C,False,0.7167928081563274
pol_exo,AACTT,25,7432,0.003363832077502691,C,False,0.5682457235247315
pol_exo,ACCAA,64,9125,0.0070136986301369865,C,False,1.1848107042327298
pol_exo,ACCAC,61,11452,0.005326580509954593,C,False,0.8998090647970104
pol_exo,ACCAG,88,16358,0.00537963076170681,C,False,0.9087707424300057
pol_exo,ACCAT,75,10972,0.006835581480131243,C,False,1.1547217145194506
pol_exo,ACCCA,30,7148,0.004196978175713486,C,False,0.708987501494539
pol_exo,ACCCC,22,3687,0.005966910767561703,C,False,1.0079788313445912
pol_exo,ACCCG,54,9056,0.005962897526501767,C,False,1.0073008822028862
pol_exo,ACCCT,18,4553,0.003953437294091808,C,False,0.6678466058444497
pol_exo,ACCGA,41,10135,0.004045387271830291,C,True,0.6833795398388475
pol_exo,ACCGC,107,15492,0.006906790601600826,C,True,1.1667509353065608
pol_exo,ACCGG,73,13182,0.005537854650280686,C,True,0.9354992015118001
pol_exo,ACCGT,60,11147,0.005382614156275231,C,True,0.9092747215722553
pol_exo,ACCTA,8,2511,0.0031859816806053365,C,False,0.5382017959042045
pol_exo,ACCTC,21,4029,0.0052122114668652275,C,False,0.8804889209426845
pol_exo,ACCTG,89,12351,0.0072058942595741235,C,False,1.2172779445680078
pol_exo,ACCTT,44,8063,0.005457025920873124,C,False,0.9218449587417854
pol_exo,AGCAA,130,13196,0.009851470142467414,C,False,1.6641900219480283
pol_exo,AGCAC,82,8941,0.009171233642769266,C,False,1.5492789701972307
pol_exo,AGCAG,119,14204,0.008377921712193748,C,False,1.415266302030585
pol_exo,AGCAT,94,9516,0.009878100042034469,C,False,1.6686885599838823
pol_exo,AGCCA,95,12409,0.0076557337416391326,C,False,1.2932684684902938
pol_exo,AGCCC,53,6415,0.008261886204208885,C,False,1.3956646454465949
pol_exo,AGCCG,83,9975,0.00832080200501253,C,False,1.4056171790699619
pol_exo,AGCCT,62,6478,0.009570855202222908,C,False,1.6167862764348246
pol_exo,AGCGA,65,11590,0.0056082830025884385,C,True,0.9473965284566948
pol_exo,AGCGC,208,15786,0.0131762321043963,C,True,2.225835705524002
pol_exo,AGCGG,77,13343,0.005770816158285243,C,True,0.9748529437972179
pol_exo,AGCGT,121,12709,0.009520812022975843,C,True,1.6083325778126754
pol_exo,AGCTA,19,3561,0.0053355798932884025,C,False,0.9013293134229743
pol_exo,AGCTC,53,5154,0.010283275126115638,C,False,1.7371340125222945
pol_exo,AGCTG,112,11272,0.0099361249112846,C,False,1.6784905902427611
pol_exo,AGCTT,75,6692,0.011207411835026897,C,False,1.8932466604464155
pol_exo,ATCAA,95,14465,0.006567576909782233,C,False,1.10944821469036
pol_exo,ATCAC,109,12322,0.008845966563869502,C,False,1.4943322242450987
pol_exo,ATCAG,99,15961,0.006202618883528601,C,False,1.0477965528634663
pol_exo,ATCAT,102,12426,0.008208594881699663,C,False,1.3866622441913796
pol_exo,ATCCA,61,10509,0.005804548482253306,C,False,0.9805512808121954
pol_exo,ATCCC,45,7922,0.0056803837414794245,C,False,0.9595763684706448
pol_exo,ATCCG,77,10998,0.007001272958719767,C,False,1.182711659309536
pol_exo,ATCCT,45,7008,0.006421232876712328,C,False,1.084726596892758
pol_exo,ATCGA,39,10772,0.0036204975863349423,C,True,0.6116037373642642
pol_exo,ATCGC,80,17734,0.004511108604939664,C,True,0.7620529545029082
pol_exo,ATCGG,34,10514,0.00323378352672627,C,True,0.5462768704052401
pol_exo,ATCGT,51,9602,0.005311393459695897,C,True,0.8972435454239784
pol_exo,ATCTA,15,3144,0.004770992366412214,C,False,0.8059546216098864
pol_exo,ATCTC,23,7784,0.0029547790339157247,C,False,0.4991451746989903
pol_exo,ATCTG,55,12274,0.00448101678344468,C,False,0.756969600612577
pol_exo,ATCTT,33,9675,0.0034108527131782944,C,False,0.5761888296383733
pol_exo,CACAA,26,7533,0.0034514801539891147,C,False,0.5830519455628882
pol_exo,CACAC,24,5191,0.004623386630706993,C,False,0.7810198667976059
pol_exo,CACAG,33,6678,0.004941599281221923,C,False,0.8347749216458913
pol_exo,CACAT,32,6432,0.004975124378109453,C,False,0.8404382521862297
pol_exo,CACCA,56,17144,0.0032664489034064394,C,False,0.5517949700541415
pol_exo,CACCC,16,6749,0.002370721588383464,C,False,0.4004814667403933
pol_exo,CACCG,47,15137,0.0031049745656338773,C,False,0.5245174188018308
pol_exo,CACCT,39,7732,0.00504397309881014,C,False,0.8520687349829094
pol_exo,CACGA,20,6364,0.0031426775612822125,C,True,0.53088651379457
pol_exo,CACGC,99,12725,0.007779960707269155,C,True,1.3142538923578613
pol_exo,CACGG,27,8245,0.003274711946634324,C,True,0.5531908301533861
pol_exo,CACGT,29,5535,0.0052393857271906055,C,True,0.8850794168009997
pol_exo,CACTA,11,4236,0.0025967894239848914,C,False,0.4386706741226992
pol_exo,CACTC,21,4766,0.0044062106588334034,C,False,0.7443327449597306
pol_exo,CACTG,46,10352,0.004443585780525503,C,False,0.7506464528317118
pol_exo,CACTT,37,8105,0.004565083281924738,C,False,0.7711707935236263
pol_exo,CCCAA,14,4358,0.0032124827902707664,C,False,0.5426785777081345
pol_exo,CCCAC,27,6087,0.004435682602267127,C,False,0.7493113840339525
pol_exo,CCCAG,32,10068,0.0031783869686134287,C,False,0.5369188357232647
pol_exo,CCCAT,34,6496,0.005233990147783251,C,False,0.8841679518843433
pol_exo,CCCCA,15,5863,0.002558417192563534,C,False,0.43218852640994077
pol_exo,CCCCC,11,2975,0.0036974789915966387,C,False,0.6246080590197493
pol_exo,CCCCG,18,5079,0.0035440047253396337,C,False,0.5986819445579403
pol_exo,CCCCT,11,3669,0.002998092123194331,C,False,0.5064619720860599
pol_exo,CCCGA,15,5554,0.002700756211739287,C,True,0.45623358486522914
pol_exo,CCCGC,57,11168,0.005103868194842407,C,True,0.8621866990775102
pol_exo,CCCGG,34,9405,0.003615098351940457,C,True,0.6106916550176176
pol_exo,CCCGT,36,6397,0.0056276379552915425,C,True,0.9506661236235044
pol_exo,CCCTA,5,1714,0.0029171528588098016,C,False,0.49278905685365276
pol_exo,CCCTC,14,2824,0.004957507082152974,C,False,0.8374621960524258
pol_exo,CCCTG,59,8604,0.006857275685727569,C,False,1.1583864752064736
pol_exo,CCCTT,33,5061,0.006520450503852994,C,False,1.1014872410099312
pol_exo,CGCAA,47,13112,0.0035845027455765712,C,False,0.6055231977122721
pol_exo,CGCAC,45,9994,0.004502701620972584,C,False,0.7606327787697066
pol_exo,CGCAG,60,15918,0.003769317753486619,C,False,0.6367436437596388
pol_exo,CGCAT,86,11827,0.007271497421154984,C,False,1.2283601612658466
pol_exo,CGCCA,130,26129,0.00497531478433924,C,False,0.8404704171467022
pol_exo,CGCCC,74,11402,0.006490089457989827,C,False,1.0963584075616541
pol_exo,CGCCG,105,20443,0.005136232451205792,C,False,0.8676539310468315
pol_exo,CGCCT,115,11699,0.00982989999145226,C,False,1.660546217564296
pol_exo,CGCGA,48,12773,0.003757926877006185,C,True,0.6348194047673017
pol_exo,CGCGC,260,18694,0.013908205841446454,C,True,2.3494866298947454
pol_exo,CGCGG,74,12594,0.005875813879625219,C,True,0.9925900081799255
pol_exo,CGCGT,129,12391,0.01041078201920749,C,True,1.7586735082670286
pol_exo,CGCTA,30,7821,0.0038358266206367474,C,False,0.6479788595682093
pol_exo,CGCTC,71,8212,0.008645884072089625,C,False,1.4605326713285052
pol_exo,CGCTG,168,24172,0.006950190302829721,C,False,1.1740823638848505
pol_exo,CGCTT,107,13223,0.008091960977085382,C,False,1.3669595016085037
pol_exo,CTCAA,42,7042,0.005964214711729622,C,False,1.0075233917858777
pol_exo,CTCAC,34,5584,0.0060888252148997134,C,False,1.0285736059170296
pol_exo,CTCAG,18,4801,0.0037492189127265154,C,False,0.6333483850051612
pol_exo,CTCAT,54,6279,0.008600095556617296,C,False,1.452797704925838
pol_exo,CTCCA,42,6095,0.006890894175553733,C,False,1.1640655824374326
pol_exo,CTCCC,20,3771,0.005303632988597189,C,False,0.8959325838739443
pol_exo,CTCCG,35,5321,0.006577710956587108,C,False,1.1111601398477966
pol_exo,CTCCT,22,3966,0.005547150781643974,C,False,0.9370695792152063
pol_exo,CTCGA,18,4786,0.0037609694943585457,C,True,0.6353333883012493
pol_exo,CTCGC,40,7463,0.005359774889454643,C,True,0.9054165278811854
pol_exo,CTCGG,17,4862,0.0034965034965034965,C,True,0.5906576527602524
pol_exo,CTCGT,19,3809,0.004988185875557889,C,True,0.842644705985616
pol_exo,CTCTA,11,2723,0.004039662137348513,C,False,0.6824124038133508
pol_exo,CTCTC,22,4241,0.005187455788729073,C,False,0.8763069915509332
pol_exo,CTCTG,28,6983,0.004009737934984964,C,False,0.6773573655025206
pol_exo,CTCTT,27,7523,0.0035889937524923566,C,False,0.6062818549268468
pol_exo,GACAA,60,8206,0.007311723129417499,C,False,1.2351554132788118
pol_exo,GACAC,40,4583,0.008727907484180668,C,False,1.4743887295608307
pol_exo,GACAG,43,6519,0.006596103696886025,C,False,1.1142671903122539
pol_exo,GACAT,55,6963,0.007898894154818325,C,False,1.3343450923335873
pol_exo,GACCA,43,9736,0.004416598192276089,C,False,0.746087491130401
pol_exo,GACCC,16,3735,0.00428380187416332,C,False,0.7236544629266171
pol_exo,GACCG,43,8514,0.005050505050505051,C,False,0.8531721650981424
pol_exo,GACCT,42,5305,0.007917059377945335,C,False,1.3374137087570503
pol_exo,GACGA,35,8663,0.00404017084150987,C,True,0.682498338235037
pol_exo,GACGC,95,11769,0.008072053700399354,C,True,1.3635966034069213
pol_exo,GACGG,54,8932,0.006045678459471563,C,True,1.0212849069894019
pol_exo,GACGT,42,7169,0.005858557678895243,C,True,0.9896749511725695
pol_exo,GACTA,9,2986,0.003014065639651708,C,False,0.5091603476908538
pol_exo,GACTC,17,3569,0.0047632390025217144,C,False,0.8046448606669506
pol_exo,GACTG,35,6945,0.005039596832253419,C,False,0.8513294606378871
pol_exo,GACTT,39,5417,0.0071995569503415175,C,False,1.2162073950319097
pol_exo,GCCAA,89,11039,0.00806232448591358,C,False,1.36195306579939
pol_exo,GCCAC,102,11629,0.008771175509502106,C,False,1.4816979143797473
pol_exo,GCCAG,189,25906,0.007295607195244345,C,False,1.2324329793214963
pol_exo,GCCAT,152,14411,0.010547498438692666,C,False,1.781768751703122
pol_exo,GCCCA,43,8803,0.004884698398273316,C,False,0.825162764244642
pol_exo,GCCCC,40,5661,0.007065889418830595,C,False,1.1936271944139352
pol_exo,GCCCG,67,10870,0.006163753449862005,C,False,1.0412310894380823
pol_exo,GCCCT,49,5728,0.008554469273743016,C,False,1.4450901441658828
pol_exo,GCCGA,72,12485,0.005766920304365238,C,True,0.9741948246406981
pol_exo,GCCGC,226,19411,0.011642882901447632,C,True,1.966809955376419
pol_exo,GCCGG,90,13129,0.0068550536979206335,C,True,1.1580111190531568
pol_exo,GCCGT,94,12498,0.007521203392542807,C,True,1.2705425137467294
pol_exo,GCCTA,18,2876,0.006258692628650904,C,False,1.0572689834526352
pol_exo,GCCTC,44,4699,0.009363694403064482,C,False,1.5817909985816163
pol_exo,GCCTG,157,17087,0.009188271785567975,C,False,1.5521571910950342
pol_exo,GCCTT,86,8985,0.009571508069003896,C,False,1.6168965639723059
pol_exo,GGCAA,190,17807,0.010669961251193351,C,False,1.8024561605543952
pol_exo,GGCAC,93,9445,0.00984647961884595,C,False,1.663346982331095
pol_exo,GGCAG,136,14764,0.009211595773503115,C,False,1.5560972677975329
pol_exo,GGCAT,149,13081,0.011390566470453329,C,False,1.9241866229436122
pol_exo,GGCCA,73,7554,0.009663754302356367,C,False,1.6324795438613382
pol_exo,GGCCC,35,4221,0.008291873963515755,C,False,1.400730420310383
pol_exo,GGCCG,67,6577,0.010187015356545537,C,False,1.720873033631132
pol_exo,GGCCT,84,6818,0.012320328542094456,C,False,2.081249552641875
pol_exo,GGCGA,138,18732,0.007367072389493914,C,True,1.244505457993895
pol_exo,GGCGC,216,17020,0.012690951821386603,C,True,2.143858234836507
pol_exo,GGCGG,141,17728,0.007953519855595668,C,True,1.3435729075592249
pol_exo,GGCGT,195,16193,0.01204224047427901,C,True,2.0342726668584743
pol_exo,GGCTA,47,5659,0.008305354302880368,C,False,1.403007628274132
pol_exo,GGCTC,49,4262,0.011496949788831534,C,False,1.942157753585682
pol_exo,GGCTG,125,14870,0.008406186953597848,C,False,1.4200410952373248
pol_exo,GGCTT,143,10486,0.013637230593171849,C,False,2.303711299121572
pol_exo,GTCAA,64,6550,0.009770992366412214,C,False,1.6505950650570473
pol_exo,GTCAC,65,7774,0.008361204013377926,C,False,1.4124422131223426
pol_exo,GTCAG,72,12676,0.005680025244556642,C,False,0.9595158082706782
pol_exo,GTCAT,93,9991,0.009308377539785808,C,False,1.5724464265956555
pol_exo,GTCCA,25,5122,0.004880905896134323,C,False,0.8245221041069513
pol_exo,GTCCC,13,2679,0.0048525569242254575,C,False,0.8197331664660763
pol_exo,GTCCG,37,5681,0.00651293786305228,C,False,1.1002181449584563
pol_exo,GTCCT,26,3038,0.008558262014483212,C,False,1.4457308446100186
pol_exo,GTCGA,28,8114,0.0034508257333004683,C,True,0.5829413955267564
pol_exo,GTCGC,75,10985,0.006827492034592627,C,True,1.1533551799460549
pol_exo,GTCGG,29,8131,0.003566596974541877,C,True,0.6024984100348707
pol_exo,GTCGT,48,7310,0.006566347469220246,C,True,1.1092405276460662
pol_exo,GTCTA,5,1959,0.002552322613578356,C,False,0.4311589808306079
pol_exo,GTCTC,20,2986,0.006697923643670462,C,False,1.1314674393130086
pol_exo,GTCTG,43,10383,0.004141384956178369,C,False,0.6995962451743797
pol_exo,GTCTT,28,5632,0.004971590909090909,C,False,0.8398413500184838
pol_exo,TACAA,12,5380,0.0022304832713754648,C,False,0.37679127588720934
pol_exo,TACAC,9,4219,0.002133206921071344,C,False,0.3603585679556506
pol_exo,TACAG,14,6738,0.0020777678836449986,C,False,0.3509933573244361
pol_exo,TACAT,16,4945,0.0032355915065722953,C,False,0.5465822889850181
pol_exo,TACCA,23,8377,0.002745612987943178,C,False,0.463811154334122
pol_exo,TACCC,13,6700,0.0019402985074626865,C,False,0.32777091835262956
pol_exo,TACCG,19,13393,0.0014186515343836332,C,False,0.23965009221975742
pol_exo,TACCT,11,5880,0.0018707482993197278,C,False,0.3160219346230874
pol_exo,TACGA,9,4807,0.0018722696068233825,C,True,0.31627892619198866
pol_exo,TACGC,53,10839,0.004889749976935142,C,True,0.8260161177728486
pol_exo,TACGG,19,7235,0.0026261230131306153,C,True,0.4436259412714874
pol_exo,TACGT,20,5557,0.003599064243296743,C,True,0.6079830436905963
pol_exo,TACTA,6,2392,0.002508361204013378,C,False,0.4237326639367028
pol_exo,TACTC,7,4472,0.0015652951699463328,C,False,0.2644223212938339
pol_exo,TACTG,11,9260,0.0011879049676025918,C,False,0.20067051572178768
pol_exo,TACTT,10,5105,0.0019588638589618022,C,False,0.3309071276972227
pol_exo,TCCAA,13,2627,0.0049486105824134,C,False,0.8359593273553934
pol_exo,TCCAC,23,7720,0.0029792746113989636,C,False,0.5032831657845777
pol_exo,TCCAG,36,15711,0.0022913881993507734,C,False,0.38707982896184573
pol_exo,TCCAT,30,7712,0.0038900414937759337,C,False,0.6571372744661521
pol_exo,TCCCA,19,5195,0.0036573628488931666,C,False,0.6178313157072591
pol_exo,TCCCC,12,5263,0.0022800684020520615,C,False,0.3851675972398225
pol_exo,TCCCG,30,7519,0.0039898922729086315,C,False,0.6740048757391894
pol_exo,TCCCT,16,4253,0.0037620503174229957,C,False,0.6355159696757383
pol_exo,TCCGA,13,3818,0.0034049240440020955,C,True,0.5751873108859661
pol_exo,TCCGC,56,11025,0.005079365079365079,C,True,0.8580474346129888
pol_exo,TCCGG,44,12906,0.0034092670075933675,C,True,0.5759209594246875
pol_exo,TCCGT,19,6228,0.0030507385998715477,C,True,0.5153554407673749
pol_exo,TCCTA,2,1144,0.0017482517482517483,C,False,0.2953288263801262
pol_exo,TCCTC,16,4625,0.0034594594594594594,C,False,0.5843998743850627
pol_exo,TCCTG,43,11428,0.0037626881344067203,C,False,0.6356237148797326
pol_exo,TCCTT,17,5099,0.003333987056285546,C,False,0.5632040611336236
pol_exo,TGCAA,45,10252,0.004389387436597737,C,False,0.7414908301818619
pol_exo,TGCAC,47,7733,0.006077848183111341,C,False,1.0267192769175368
pol_exo,TGCAG,45,12529,0.0035916673317902465,C,False,0.606733497567599
pol_exo,TGCAT,68,9022,0.007537131456439814,C,False,1.2732332111373739
pol_exo,TGCCA,113,16893,0.006689161191025869,C,False,1.1299872149355257
pol_exo,TGCCC,55,9024,0.006094858156028369,C,False,1.0295927391310693
pol_exo,TGCCG,101,20528,0.004920109119251754,C,False,0.8311446296586443
pol_exo,TGCCT,88,8652,0.010171058714748035,C,False,1.718177508630378
pol_exo,TGCGA,26,7826,0.0033222591362126247,C,True,0.5612228860114026
pol_exo,TGCGC,256,18680,0.013704496788008565,C,True,2.3150744488487494
pol_exo,TGCGG,88,13431,0.006552006552006552,C,True,1.1068179439111037
pol_exo,TGCGT,108,10914,0.009895547003848268,C,True,1.6716358418965251
pol_exo,TGCTA,21,4180,0.005023923444976076,C,False,0.8486817852818362
pol_exo,TGCTC,106,8681,0.012210574818569289,C,False,2.06270906590022
pol_exo,TGCTG,174,23734,0.007331254740035392,C,False,1.2384548509295188
pol_exo,TGCTT,101,9262,0.01090477218743252,C,False,1.842122323216654
pol_exo,TTCAA,78,10714,0.0072801941385103605,C,False,1.2298292811065625
pol_exo,TTCAC,98,12427,0.007886054558622355,C,False,1.332176123888658
pol_exo,TTCAG,107,15592,0.006862493586454592,C,False,1.159267925203261
pol_exo,TTCAT,145,13029,0.01112901987873206,C,False,1.8800040571009031
pol_exo,TTCCA,118,12044,0.00979740949850548,C,False,1.655057660690219
pol_exo,TTCCC,65,7858,0.008271824891829982,C,False,1.3973435689505078
pol_exo,TTCCG,113,11977,0.009434749937379978,C,False,1.5937942741843396
pol_exo,TTCCT,78,8284,0.009415741187831965,C,False,1.5905831624548177
pol_exo,TTCGA,31,7252,0.004274682846111417,C,True,0.7221140029471038
pol_exo,TTCGC,91,14739,0.006174095935952236,C,True,1.042978225845602
pol_exo,TTCGG,37,8485,0.004360636417206835,C,True,0.736633975428284
pol_exo,TTCGT,29,8172,0.0035487028879099365,C,True,0.5994755961812939
pol_exo,TTCTA,16,3481,0.004596380350474002,C,False,0.7764577474952356
pol_exo,TTCTC,43,8317,0.005170133461584706,C,False,0.8733807639347821
pol_exo,TTCTG,76,13716,0.005540974044911053,C,False,0.9360261548845761
pol_exo,TTCTT,45,11321,0.003974913876866001,C,False,0.6714746039240744
pol_exo,AATAA,81,13926,0.005816458423093494,T,False,0.6654355620049538
pol_exo,AATAC,143,9558,0.014961288972588407,T,False,1.711655617835206
pol_exo,AATAG,70,5445,0.012855831037649219,T,False,1.47077938657885
pol_exo,AATAT,151,12948,0.011662032746370095,T,False,1.3342021467719203
pol_exo,AATCA,90,14388,0.006255212677231026,T,False,0.7156315167331562
pol_exo,AATCC,225,9086,0.02476337222099934,T,False,2.833069079561042
pol_exo,AATCG,85,10369,0.008197511814061144,T,False,0.937841463694469
pol_exo,AATCT,102,7937,0.012851203225400025,T,False,1.4702499388254426
pol_exo,AATGA,33,10966,0.0030093014772934524,T,False,0.34428101674972084
pol_exo,AATGC,123,13018,0.009448455984022124,T,False,1.0809565134762706
pol_exo,AATGG,58,11605,0.004997845756139595,T,False,0.5717816680931455
pol_exo,AATGT,60,7881,0.007613247049866768,T,False,0.8709982880985196
pol_exo,AATTA,12,9156,0.001310615989515072,T,False,0.14994184160123272
pol_exo,AATTC,109,8304,0.013126204238921002,T,False,1.501711601691922
pol_exo,AATTG,87,8694,0.010006901311249138,T,False,1.144845800245161
pol_exo,AATTT,96,13164,0.007292616226071103,T,False,0.8343163182624653
pol_exo,ACTAA,26,3630,0.007162534435261708,T,False,0.8194342296653594
pol_exo,ACTAC,58,4568,0.012697022767075307,T,False,1.452610827106163
pol_exo,ACTAG,5,513,0.009746588693957114,T,False,1.1150645725315844
pol_exo,ACTAT,48,4540,0.010572687224669603,T,False,1.20957489136642
pol_exo,ACTCA,22,6109,0.0036012440661319363,T,False,0.41200257867380785
pol_exo,ACTCC,51,4541,0.011231006386258534,T,False,1.2848903065907882
pol_exo,ACTCG,19,4053,0.004687885516901061,T,False,0.5363204731539775
pol_exo,ACTCT,48,4732,0.01014370245139476,T,False,1.1604966202036238
pol_exo,ACTGA,18,9395,0.0019159127195316659,T,False,0.21919119239503249
pol_exo,ACTGC,94,10657,0.008820493572299897,T,False,1.0091140811976742
pol_exo,ACTGG,50,14618,0.0034204405527431935,T,False,0.3913176396967457
pol_exo,ACTGT,31,6263,0.004949704614402044,T,False,0.5662740506776238
pol_exo,ACTTA,11,4306,0.0025545750116117046,T,False,0.2922577511749062
pol_exo,ACTTC,87,8826,0.009857239972807614,T,False,1.127723701261209
pol_exo,ACTTG,25,3361,0.007438262421898245,T,False,0.850979062345586
pol_exo,ACTTT,66,9566,0.006899435500731758,T,False,0.7893342315863346
pol_exo,AGTAA,115,7477,0.01538050020061522,T,False,1.7596157404440504
pol_exo,AGTAC,136,5456,0.024926686217008796,T,False,2.8517531193688996
pol_exo,AGTAG,53,3300,0.01606060606060606,T,False,1.8374236765188636
pol_exo,AGTAT,115,4996,0.02301841473178543,T,False,2.6334361271617626
pol_exo,AGTCA,56,6214,0.009011908593498551,T,False,1.0310130363594256
pol_exo,AGTCC,78,3337,0.023374288282888823,T,False,2.6741500632471573
pol_exo,AGTCG,61,5870,0.010391822827938671,T,False,1.188882986992534
pol_exo,AGTCT,76,3496,0.021739130434782608,T,False,2.4870788074291426
pol_exo,AGTGA,58,8049,0.00720586408249472,T,False,0.8243913850442232
pol_exo,AGTGC,69,7638,0.009033778476040848,T,False,1.0335150739434535
pol_exo,AGTGG,47,7415,0.00633850303438975,T,False,0.7251604021121789
pol_exo,AGTGT,50,4357,0.011475786091347258,T,False,1.3128944817734745
pol_exo,AGTTA,38,5900,0.006440677966101695,T,False,0.7368497890484985
pol_exo,AGTTC,161,8355,0.019269898264512267,T,False,2.2045847573692674
pol_exo,AGTTG,109,7910,0.013780025284450064,T,False,1.5765124071365009
pol_exo,AGTTT,191,9908,0.01927735163504239,T,False,2.205437464884179
pol_exo,ATTAA,66,12729,0.005185010605703512,T,False,0.5931943797120652
pol_exo,ATTAC,131,10318,0.01269625896491568,T,False,1.4525234438426065
pol_exo,ATTAG,33,3765,0.008764940239043825,T,False,1.0027584673778058
pol_exo,ATTAT,124,11351,0.010924147652189235,T,False,1.249783941289387
pol_exo,ATTCA,64,11275,0.0056762749445676275,T,False,0.6493977835096582
pol_exo,ATTCC,164,8179,0.0200513510209072,T,False,2.293987348483366
pol_exo,ATTCG,66,7581,0.008705975464978234,T,False,0.9960125655394904
pol_exo,ATTCT,106,7683,0.013796693999739686,T,False,1.5784194019295197
pol_exo,ATTGA,32,11237,0.0028477351606300614,T,False,0.32579692128999715
pol_exo,ATTGC,129,14598,0.008836826962597617,T,False,1.0109827129253688
pol_exo,ATTGG,26,7692,0.0033801352054082163,T,False,0.3867064812383326
pol_exo,ATTGT,70,8444,0.008289909995262908,T,False,0.9484123353768166
pol_exo,ATTTA,15,10412,0.0014406454091432962,T,False,0.16481793864061742
pol_exo,ATTTC,117,13185,0.008873720136518772,T,False,1.0152034995512815
pol_exo,ATTTG,68,9960,0.006827309236947791,T,False,0.7810825812889919
pol_exo,ATTTT,85,18036,0.004712796628964294,T,False,0.5391704445025476
pol_exo,CATAA,57,9192,0.006201044386422976,T,False,0.7094343595604017
pol_exo,CATAC,73,5815,0.012553740326741187,T,False,1.436218509947904
pol_exo,CATAG,49,4086,0.011992168379833579,T,False,1.3719715202998748
pol_exo,CATAT,71,7520,0.009441489361702127,T,False,1.080159492694625
pol_exo,CATCA,97,18718,0.005182177583075115,T,False,0.5928702659872227
pol_exo,CATCC,170,10464,0.01624617737003058,T,False,1.8586540781819472
pol_exo,CATCG,97,14522,0.006679520727172566,T,False,0.7641747444393909
pol_exo,CATCT,97,9008,0.010768206039076376,T,False,1.2319433435555989
pol_exo,CATGA,34,8640,0.003935185185185185,T,False,0.4502073211596272
pol_exo,CATGC,73,8366,0.008725794884054507,T,False,0.9982800185688575
pol_exo,CATGG,28,7785,0.003596660244059088,T,False,0.4114781636440251
pol_exo,CATGT,37,5737,0.00644936377897856,T,False,0.7378434949005405
pol_exo,CATTA,22,10810,0.0020351526364477336,T,False,0.23283290963166442
pol_exo,CATTC,100,8960,0.011160714285714286,T,False,1.2768484948854975
pol_exo,CATTG,86,11536,0.0074549237170596395,T,False,0.8528852082341963
pol_exo,CATTT,86,12164,0.007070042749095692,T,False,0.8088526604891227
pol_exo,CCTAA,8,2355,0.003397027600849257,T,False,0.3886390662989064
pol_exo,CCTAC,22,3022,0.00727994705493051,T,False,0.8328668938180981
pol_exo,CCTAG,4,250,0.016,T,False,1.8304900022678492
pol_exo,CCTAT,9,2618,0.003437738731856379,T,False,0.3932966486920035
pol_exo,CCTCA,10,4206,0.0023775558725630053,T,False,0.2720057659099871
pol_exo,CCTCC,28,3134,0.008934269304403318,T,False,1.0221306649549253
pol_exo,CCTCG,17,4671,0.003639477627916934,T,False,0.4163767132112159
pol_exo,CCTCT,24,4166,0.005760921747479597,T,False,0.6590818539130517
pol_exo,CCTGA,17,13617,0.0012484394506866417,T,False,0.14282849580741644
pol_exo,CCTGC,88,15531,0.0056660871804777545,T,False,0.6482322459901597
pol_exo,CCTGG,45,12050,0.0037344398340248964,T,False,0.42724092376583617
pol_exo,CCTGT,32,8272,0.0038684719535783366,T,False,0.44257495219242
pol_exo,CCTTA,2,4463,0.00044812906116961686,T,False,0.05126848538729131
pol_exo,CCTTC,49,8760,0.005593607305936073,T,False,0.6399401406330237
pol_exo,CCTTG,21,4768,0.004404362416107382,T,False,0.5038838355655519
pol_exo,CCTTT,37,9217,0.00401432136269936,T,False,0.45926094501946413
pol_exo,CGTAA,114,9765,0.011674347158218126,T,False,1.3356109847576472
pol_exo,CGTAC,132,6708,0.01967799642218247,T,False,2.2512734822167197
pol_exo,CGTAG,82,5296,0.015483383685800604,T,False,1.7713861898834453
pol_exo,CGTAT,119,6669,0.01784375468585995,T,False,2.04142590971167
pol_exo,CGTCA,122,12537,0.009731195660843902,T,False,1.1133035229554398
pol_exo,CGTCC,123,5895,0.020865139949109414,T,False,2.3870893795477675
pol_exo,CGTCG,108,10668,0.010123734533183352,T,False,1.1582121780378685
pol_exo,CGTCT,141,7433,0.01896946051392439,T,False,2.170212988697083
pol_exo,CGTGA,40,9563,0.00418278782808742,T,False,0.47853445630760455
pol_exo,CGTGC,99,8854,0.011181386943754236,T,False,1.2792135632518993
pol_exo,CGTGG,49,9816,0.004991850040749796,T,False,0.5710957245258035
pol_exo,CGTGT,42,4636,0.0090595340811044,T,False,1.0364616600416532
pol_exo,CGTTA,65,11745,0.005534269902085994,T,False,0.6331516078512675
pol_exo,CGTTC,212,9842,0.021540337329811015,T,False,2.464335757981
pol_exo,CGTTG,191,12927,0.014775276552951187,T,False,1.6903747506824822
pol_exo,CGTTT,249,14118,0.017637059073523163,T,False,2.0177787689682254
pol_exo,CTTAA,32,6437,0.004971259903681839,T,False,0.5687400970227898
pol_exo,CTTAC,34,5185,0.006557377049180328,T,False,0.7502008206015774
pol_exo,CTTAG,13,1990,0.006532663316582915,T,False,0.7473734305741846
pol_exo,CTTAT,47,6215,0.007562349155269509,T,False,0.8651752826487219
pol_exo,CTTCA,61,12514,0.004874540514623622,T,False,0.5576748548542572
pol_exo,CTTCC,130,10972,0.011848341232227487,T,False,1.3555168855656463
pol_exo,CTTCG,47,10035,0.0046836073741903335,T,False,0.5358310295627111
pol_exo,CTTCT,89,8414,0.010577608747325886,T,False,1.2101379412425612
pol_exo,CTTGA,6,4802,0.0012494793835901709,T,False,0.14294746998135016
pol_exo,CTTGC,56,7715,0.0072585871678548285,T,False,0.8304232025842478
pol_exo,CTTGG,9,2362,0.003810330228619814,T,False,0.43592321180172106
pol_exo,CTTGT,25,4451,0.0056167153448663226,T,False,0.6425838302726385
pol_exo,CTTTA,8,10679,0.0007491338140275306,T,False,0.08570512230863606
pol_exo,CTTTC,52,11971,0.004343830924734776,T,False,0.496958692454307
pol_exo,CTTTG,57,10887,0.005235602094240838,T,False,0.5989823305850291
pol_exo,CTTTT,46,12452,0.0036941856729842595,T,False,0.42263562130742577
pol_exo,GATAA,122,15180,0.008036890645586298,T,False,0.9194654985041073
pol_exo,GATAC,96,7454,0.012878991145693587,T,False,1.4734290332180164
pol_exo,GATAG,76,5812,0.01307639366827254,T,False,1.4960129922182182
pol_exo,GATAT,137,11924,0.011489433076148943,T,False,1.3144557736010112
pol_exo,GATCA,75,11156,0.006722839727500897,T,False,0.7691306817524689
pol_exo,GATCC,95,8246,0.01152073732718894,T,False,1.3180371560108362
pol_exo,GATCG,76,10956,0.006936838262139467,T,False,0.7936133178872109
pol_exo,GATCT,50,7890,0.0063371356147021544,T,False,0.7250039616079883
pol_exo,GATGA,48,15579,0.0030810706720585403,T,False,0.35249181634274
pol_exo,GATGC,101,14307,0.007059481372754596,T,False,0.8076443796264624
pol_exo,GATGG,51,12952,0.0039376158122297715,T,False,0.45048539856614955
pol_exo,GATGT,63,9874,0.00638039295118493,T,False,0.7299528442302669
pol_exo,GATTA,28,10010,0.002797202797202797,T,False,0.3200157346622114
pol_exo,GATTC,87,7181,0.01211530427517059,T,False,1.3860589593832935
pol_exo,GATTG,97,10438,0.009292968001532861,T,False,1.0631678136375584
pol_exo,GATTT,104,14151,0.0073493039361175886,T,False,0.8408017111681872
pol_exo,GCTAA,44,6664,0.006602641056422569,T,False,0.7553792776465463
pol_exo,GCTAC,59,6497,0.009081114360474065,T,False,1.038930565393673
pol_exo,GCTAG,9,707,0.01272984441301273,T,False,1.456365808027815
pol_exo,GCTAT,76,7353,0.0103359173126615,T,False,1.182487081568378
pol_exo,GCTCA,38,8319,0.0045678567135473015,T,False,0.5225885028712756
pol_exo,GCTCC,54,5248,0.010289634146341464,T,False,1.177192026991995
pol_exo,GCTCG,31,6733,0.00460418832615476,T,False,0.5267450437240394
pol_exo,GCTCT,31,6009,0.0051589282742552835,T,False,0.5902104142775765
pol_exo,GCTGA,54,17661,0.0030575845082384916,T,False,0.34980486708872605
pol_exo,GCTGC,109,17989,0.006059258435710712,T,False,0.693213249232849
pol_exo,GCTGG,69,26346,0.002618993395581872,T,False,0.29962757666363393
pol_exo,GCTGT,60,12052,0.004978426817125788,T,False,0.5695600322356815
pol_exo,GCTTA,11,6938,0.001585471317382531,T,False,0.18138683720944743
pol_exo,GCTTC,116,11481,0.01010364950788259,T,False,1.1559143381623471
pol_exo,GCTTG,40,6296,0.0063532401524777635,T,False,0.7268464113198256
pol_exo,GCTTT,82,14948,0.0054856837035054855,T,False,0.6275930734294036
pol_exo,GGTAA,127,12742,0.00996703814157903,T,False,1.1402852293989212
pol_exo,GGTAC,101,6556,0.015405735204392923,T,False,1.7625027668266928
pol_exo,GGTAG,83,5653,0.014682469485229083,T,False,1.679757100082163
pol_exo,GGTAT,152,9399,0.01617193318438132,T,False,1.8501601257096039
pol_exo,GGTCA,102,10964,0.009303174024078804,T,False,1.0643354400271379
pol_exo,GGTCC,49,2875,0.017043478260869566,T,False,1.949869785024448
pol_exo,GGTCG,78,8517,0.009158154279675942,T,False,1.047744365510833
pol_exo,GGTCT,76,4934,0.015403323875152006,T,False,1.762226897197463
pol_exo,GGTGA,54,14735,0.003664743807261622,T,False,0.41926730625408826
pol_exo,GGTGC,90,11775,0.007643312101910828,T,False,0.8744378991725393
pol_exo,GGTGG,58,11744,0.004938692098092643,T,False,0.5650141568648631
pol_exo,GGTGT,55,8508,0.006464503996238834,T,False,0.739575620920984
pol_exo,GGTTA,57,9878,0.005770398866167241,T,False,0.6601660896010542
pol_exo,GGTTC,118,7001,0.016854735037851735,T,False,1.928276498603826
pol_exo,GGTTG,131,10283,0.012739472916464066,T,False,1.4574673629843444
pol_exo,GGTTT,157,13697,0.011462364021318536,T,False,1.3113589214611425
pol_exo,GTTAA,69,11513,0.005993225049943542,T,False,0.6856586584539303
pol_exo,GTTAC,89,8285,0.010742305371152686,T,False,1.2289801614502005
pol_exo,GTTAG,39,4345,0.00897583429228999,T,False,1.0268859333781086
pol_exo,GTTAT,138,10905,0.01265474552957359,T,False,1.4477740733205133
pol_exo,GTTCA,59,11210,0.005263157894736842,T,False,0.6021348691670556
pol_exo,GTTCC,145,8239,0.017599223206699842,T,False,2.0134501329715233
pol_exo,GTTCG,48,8604,0.005578800557880056,T,False,0.6382461653653588
pol_exo,GTTCT,93,7893,0.01178259217027746,T,False,1.3479948230307706
pol_exo,GTTGA,38,12176,0.0031208935611038106,T,False,0.35704777885891437
pol_exo,GTTGC,119,13805,0.008620065193770373,T,False,0.9861839472558586
pol_exo,GTTGG,27,8693,0.003105947313930749,T,False,0.35533784410755725
pol_exo,GTTGT,68,9093,0.007478279995601011,T,False,0.8555572978817065
pol_exo,GTTTA,17,10046,0.0016922158072864822,T,False,0.19359900730734517
pol_exo,GTTTC,86,11400,0.007543859649122807,T,False,0.8630599791394463
pol_exo,GTTTG,105,11886,0.0088339222614841,T,False,1.0106503987786268
pol_exo,GTTTT,97,17145,0.005657626130067075,T,False,0.6472642542285701
pol_exo,TATAA,46,5811,0.00791602133884013,T,False,0.9056373699053631
pol_exo,TATAC,44,3676,0.011969532100108813,T,False,1.3693818025670796
pol_exo,TATAG,26,3299,0.007881176113973931,T,False,0.9016508801713412
pol_exo,TATAT,69,5376,0.012834821428571428,T,False,1.468375769118322
pol_exo,TATCA,69,10912,0.006323313782991202,T,False,0.7234226663104929
pol_exo,TATCC,181,8641,0.020946649693322533,T,False,2.396414552789613
pol_exo,TATCG,87,12775,0.006810176125244619,T,False,0.7791224569339671
pol_exo,TATCT,91,8042,0.011315593136035812,T,False,1.2945675065777655
pol_exo,TATGA,24,6540,0.003669724770642202,T,False,0.41983715648345166
pol_exo,TATGC,57,7755,0.007350096711798839,T,False,0.8408924091655979
pol_exo,TATGG,36,7249,0.0049662022347910055,T,False,0.568161471251574
pol_exo,TATGT,28,5069,0.005523771947129611,T,False,0.6319505827517726
pol_exo,TATTA,13,8187,0.001587883229510199,T,False,0.18166277352420024
pol_exo,TATTC,115,10273,0.011194393069210553,T,False,1.2807015371654011
pol_exo,TATTG,99,11303,0.008758736618596833,T,False,1.0020487383024257
pol_exo,TATTT,74,12114,0.0061086346376093776,T,False,0.6988621644781907
pol_exo,TCTAA,12,2386,0.005029337803855826,T,False,0.5753845354991143
pol_exo,TCTAC,42,4490,0.009354120267260579,T,False,1.070163976826972
pol_exo,TCTAG,2,300,0.006666666666666667,T,False,0.7627041676116039
pol_exo,TCTAT,33,4131,0.007988380537400145,T,False,0.913915669251377
pol_exo,TCTCA,14,5072,0.0027602523659305996,T,False,0.31578839747325865
pol_exo,TCTCC,68,6230,0.010914927768860353,T,False,1.2487291347734124
pol_exo,TCTCG,20,5463,0.003660992128866923,T,False,0.4188380931420119
pol_exo,TCTCT,52,6563,0.007923205850982782,T,False,0.9064593185083817
pol_exo,TCTGA,24,8357,0.0028718439631446693,T,False,0.32855510391309967
pol_exo,TCTGC,98,13238,0.007402930956337816,T,False,0.8469369439409711
pol_exo,TCTGG,55,15029,0.0036595914565173996,T,False,0.418677848346246
pol_exo,TCTGT,34,6732,0.005050505050505051,T,False,0.5778061875845484
pol_exo,TCTTA,5,4120,0.0012135922330097086,T,False,0.1388417780846366
pol_exo,TCTTC,77,12868,0.00598383587193037,T,False,0.6845844836737662
pol_exo,TCTTG,31,4905,0.006320081549439347,T,False,0.7230528806103889
pol_exo,TCTTT,41,12258,0.003344754446076032,T,False,0.38265872334894463
pol_exo,TGTAA,75,6157,0.012181257105733312,T,False,1.3936043341936888
pol_exo,TGTAC,115,5358,0.02146323254945875,T,False,2.4555145373833827
pol_exo,TGTAG,50,4328,0.01155268022181146,T,False,1.3216916028389623
pol_exo,TGTAT,103,5439,0.018937304651590367,T,False,2.1665341771647872
pol_exo,TGTCA,62,7276,0.008521165475536009,T,False,0.9748692631649141
pol_exo,TGTCC,94,4413,0.021300702469975074,T,False,2.4369201820357156
pol_exo,TGTCG,98,9485,0.010332103321033211,T,False,1.1820507394718582
pol_exo,TGTCT,98,5097,0.01922699627231705,T,False,2.199676528132348
pol_exo,TGTGA,31,5760,0.005381944444444444,T,False,0.6157247186447843
pol_exo,TGTGC,85,7846,0.010833545755799133,T,False,1.2394185746938502
pol_exo,TGTGG,46,7913,0.0058132187539491975,T,False,0.6650649256312481
pol_exo,TGTGT,23,4315,0.005330243337195829,T,False,0.6098098211494862
pol_exo,TGTTA,47,7525,0.006245847176079734,T,False,0.7145600507191769
pol_exo,TGTTC,224,10748,0.02084108671380722,T,False,2.3843375541263385
pol_exo,TGTTG,187,12647,0.014786115284257136,T,False,1.6916147625132827
pol_exo,TGTTT,206,12754,0.016151795515132506,T,False,1.847856263070296
pol_exo,TTTAA,60,11739,0.005111167901865576,T,False,0.5847463590173297
pol_exo,TTTAC,112,12353,0.009066623492269084,T,False,1.0372727285578356
pol_exo,TTTAG,50,4935,0.010131712259371834,T,False,1.1591248747896714
pol_exo,TTTAT,128,15638,0.00818518992198491,T,False,0.9364317699285583
pol_exo,TTTCA,114,16763,0.00680069200023862,T,False,0.7780374196837334
pol_exo,TTTCC,275,12773,0.021529789399514603,T,False,2.463129015421487
pol_exo,TTTCG,85,12428,0.006839394914708722,T,False,0.7824652508084927
pol_exo,TTTCT,142,12845,0.011054885169326586,T,False,1.2647410486669646
pol_exo,TTTGA,26,10556,0.0024630541871921183,T,False,0.281787254043696
pol_exo,TTTGC,166,18249,0.009096388843224286,T,False,1.0406780521414287
pol_exo,TTTGG,42,8402,0.0049988098071887645,T,False,0.5718919609560942
pol_exo,TTTGT,70,11377,0.006152764349125429,T,False,0.7039108517115092
pol_exo,TTTTA,7,13528,0.0005174452986398581,T,False,0.05919865286754761
pol_exo,TTTTC,136,18254,0.007450421825353347,T,False,0.8523701664992175
pol_exo,TTTTG,98,15851,0.0061825752318465715,T,False,0.7073213843852486
pol_exo,TTTTT,97,23134,0.004192962738825971,T,False,0.47969852333140983
WT_like,AACAA,9,12246,0.0007349338559529642,C,False,2.5836338384476063
WT_like,AACAC,1,7823,0.0001278281989006775,C,False,0.4493754880285965
WT_like,AACAG,2,13384,0.00014943215780035862,C,False,0.5253234373651688
WT_like,AACAT,4,10221,0.0003913511398101947,C,False,1.3757810166706623
WT_like,AACCA,0,12650,0.0,C,False,0.0
WT_like,AACCC,3,7260,0.00041322314049586776,C,False,1.4526712573750868
WT_like,AACCG,2,12912,0.00015489467162329616,C,False,0.5445267104782698
WT_like,AACCT,0,8037,0.0,C,False,0.0
WT_like,AACGA,1,9059,0.00011038745998454576,C,True,0.38806319051194504
WT_like,AACGC,3,16874,0.0001777883133815337,C,True,0.6250084940466475
WT_like,AACGG,4,11858,0.00033732501264968796,C,True,1.185854087653132
WT_like,AACGT,3,10841,0.0002767272391845771,C,True,0.9728247697207942
WT_like,AACTA,0,3637,0.0,C,False,0.0
WT_like,AACTC,1,6628,0.00015087507543753772,C,False,0.5303959630126298
WT_like,AACTG,1,14376,6.956037840845854e-05,C,False,0.2445370369259676
WT_like,AACTT,0,7432,0.0,C,False,0.0
WT_like,ACCAA,2,9125,0.00021917808219178083,C,False,0.7705127545967584
WT_like,ACCAC,4,11452,0.00034928396786587494,C,False,1.2278953694892454
WT_like,ACCAG,15,16358,0.0009169825162000245,C,False,3.2236194304142103
WT_like,ACCAT,4,10972,0.0003645643456069996,C,False,1.281612994111451
WT_like,ACCCA,2,7148,0.0002797985450475658,C,False,0.9836218362752407
WT_like,ACCCC,0,3687,0.0,C,False,0.0
WT_like,ACCCG,2,9056,0.00022084805653710247,C,False,0.7763834900282045
WT_like,ACCCT,2,4553,0.0004392708104546453,C,False,1.5442409149342016
WT_like,ACCGA,1,10135,9.86679822397632e-05,C,True,0.34686378321141687
WT_like,ACCGC,5,15492,0.00032274722437387036,C,True,1.134606391314133
WT_like,ACCGG,6,13182,0.0004551661356395084,C,True,1.6001203654290896
WT_like,ACCGT,2,11147,0.00017942047187584104,C,True,0.6307462891984768
WT_like,ACCTA,0,2511,0.0,C,False,0.0
WT_like,ACCTC,1,4029,0.0002482005460412013,C,False,0.8725401943032292
WT_like,ACCTG,4,12351,0.00032386041616063474,C,False,1.1385197774585734
WT_like,ACCTT,3,8063,0.0003720699491504403,C,False,1.3079986764905285
WT_like,AGCAA,6,13196,0.0004546832373446499,C,False,1.5984227536440028
WT_like,AGCAC,1,8941,0.00011184431271669836,C,False,0.393184704490293
WT_like,AGCAG,3,14204,0.00021120811039143902,C,False,0.7424946021221578
WT_like,AGCAT,4,9516,0.0004203446826397646,C,False,1.4777067855601975
WT_like,AGCCA,7,12409,0.0005641066967523572,C,False,1.9830970344051875
WT_like,AGCCC,3,6415,0.0004676539360872954,C,False,1.6440207838726626
WT_like,AGCCG,3,9975,0.0003007518796992481,C,False,1.0572825392023188
WT_like,AGCCT,2,6478,0.00030873726458783575,C,False,1.085354875840602
WT_like,AGCGA,5,11590,0.0004314063848144953,C,True,1.5165938062328344
WT_like,AGCGC,6,15786,0.0003800836183960471,C,True,1.3361704457802015
WT_like,AGCGG,5,13343,0.00037472832196657423,C,True,1.3173440916014802
WT_like,AGCGT,3,12709,0.00023605319065229366,C,True,0.8298365983588898
WT_like,AGCTA,1,3561,0.0002808199943836001,C,False,0.9872127050962398
WT_like,AGCTC,3,5154,0.0005820721769499418,C,False,2.046254041238481
WT_like,AGCTG,3,11272,0.00026614620298083747,C,False,0.9356275131780634
WT_like,AGCTT,3,6692,0.00044829647340107593,C,False,1.5759703120955066
WT_like,ATCAA,0,14465,0.0,C,False,0.0
WT_like,ATCAC,1,12322,8.115565654926148e-05,C,False,0.28529982493488965
WT_like,ATCAG,2,15961,0.0001253054319904768,C,False,0.4405067906581931
WT_like,ATCAT,4,12426,0.00032190568163528087,C,False,1.131647977739485
WT_like,ATCCA,0,10509,0.0,C,False,0.0
WT_like,ATCCC,3,7922,0.0003786922494319616,C,False,1.331279137660077
WT_like,ATCCG,2,10998,0.0001818512456810329,C,False,0.6392915880792344
WT_like,ATCCT,1,7008,0.00014269406392694063,C,False,0.5016359079405979
WT_like,ATCGA,2,10772,0.0001856665428889714,C,True,0.6527041297526383
WT_like,ATCGC,4,17734,0.0002255554302469832,C,True,0.7929320949244864
WT_like,ATCGG,3,10514,0.00028533384059349436,C,True,1.0030809709476058
WT_like,ATCGT,4,9602,0.00041657987919183504,C,True,1.4644717529046907
WT_like,ATCTA,0,3144,0.0,C,False,0.0
WT_like,ATCTC,0,7784,0.0,C,False,0.0
WT_like,ATCTG,2,12274,0.00016294606485253382,C,False,0.5728310970910396
WT_like,ATCTT,2,9675,0.00020671834625322997,C,False,0.7267109959375111
WT_like,CACAA,4,7533,0.0005309969467675561,C,False,1.8667008856220417
WT_like,CACAC,4,5191,0.0007705644384511655,C,False,2.708891884297985
WT_like,CACAG,0,6678,0.0,C,False,0.0
WT_like,CACAT,2,6432,0.0003109452736318408,C,False,1.093117053124288
WT_like,CACCA,1,17144,5.832944470368642e-05,C,False,0.2050550888268613
WT_like,CACCC,2,6749,0.000296340198547933,C,False,1.041773430981689
WT_like,CACCG,2,15137,0.00013212657726101605,C,False,0.4644862843162727
WT_like,CACCT,1,7732,0.00012933264355923435,C,False,0.45466430973198524
WT_like,CACGA,2,6364,0.00031426775612822125,C,True,1.1047971222022974
WT_like,CACGC,4,12725,0.0003143418467583497,C,True,1.105057585178062
WT_like,CACGG,0,8245,0.0,C,True,0.0
WT_like,CACGT,1,5535,0.0001806684733514002,C,True,0.6351335940104265
WT_like,CACTA,2,4236,0.00047214353163361664,C,False,1.6598037973785222
WT_like,CACTC,0,4766,0.0,C,False,0.0
WT_like,CACTG,1,10352,9.659969088098918e-05,C,False,0.33959277848219765
WT_like,CACTT,0,8105,0.0,C,False,0.0
WT_like,CCCAA,1,4358,0.0002294630564479119,C,False,0.8066692158897912
WT_like,CCCAC,2,6087,0.0003285690816494168,C,False,1.1550729235576507
WT_like,CCCAG,5,10068,0.0004966229638458482,C,False,1.7458603709017233
WT_like,CCCAT,4,6496,0.0006157635467980296,C,False,2.1646948539702646
WT_like,CCCCA,0,5863,0.0,C,False,0.0
WT_like,CCCCC,0,2975,0.0,C,False,0.0
WT_like,CCCCG,3,5079,0.0005906674542232723,C,False,2.076470432869291
WT_like,CCCCT,1,3669,0.0002725538293813028,C,False,0.9581532959519515
WT_like,CCCGA,1,5554,0.00018005041411595248,C,True,0.6329608287446363
WT_like,CCCGC,5,11168,0.00044770773638968484,C,True,1.5739006280657728
WT_like,CCCGG,3,9405,0.0003189792663476874,C,True,1.121360268850944
WT_like,CCCGT,4,6397,0.0006252931061435048,C,True,2.19819568100529
WT_like,CCCTA,0,1714,0.0,C,False,0.0
WT_like,CCCTC,0,2824,0.0,C,False,0.0
WT_like,CCCTG,1,8604,0.00011622501162250116,C,False,0.4085848957284647
WT_like,CCCTT,0,5061,0.0,C,False,0.0
WT_like,CGCAA,7,13112,0.0005338621110433191,C,False,1.8767732687564043
WT_like,CGCAC,3,9994,0.0003001801080648389,C,False,1.0552724963521243
WT_like,CGCAG,6,15918,0.0003769317753486619,C,False,1.3250902536176818
WT_like,CGCAT,8,11827,0.0006764183647586032,C,False,2.3779247097980623
WT_like,CGCCA,8,26129,0.00030617321749779936,C,False,1.076341059465792
WT_like,CGCCC,7,11402,0.0006139273811611998,C,False,2.158239878962811
WT_like,CGCCG,0,20443,0.0,C,False,0.0
WT_like,CGCCT,10,11699,0.0008547739123001966,C,False,3.0049272953651682
WT_like,CGCGA,6,12773,0.00046974085962577314,C,True,1.651357289367123
WT_like,CGCGC,4,18694,0.00021397239756071467,C,True,0.7522123553755665
WT_like,CGCGG,5,12594,0.00039701445132602826,C,True,1.3956901869333451
WT_like,CGCGT,6,12391,0.00048422241949802277,C,True,1.7022666981749868
WT_like,CGCTA,0,7821,0.0,C,False,0.0
WT_like,CGCTC,4,8212,0.0004870920603994155,C,False,1.7123548187275743
WT_like,CGCTG,6,24172,0.00024822108224391857,C,False,0.8726123885936727
WT_like,CGCTT,3,13223,0.00022687741057248733,C,False,0.7975794697529404
WT_like,CTCAA,1,7042,0.00014200511218403862,C,False,0.4992139225855879
WT_like,CTCAC,1,5584,0.00017908309455587392,C,False,0.6295602512263091
WT_like,CTCAG,0,4801,0.0,C,False,0.0
WT_like,CTCAT,0,6279,0.0,C,False,0.0
WT_like,CTCCA,0,6095,0.0,C,False,0.0
WT_like,CTCCC,0,3771,0.0,C,False,0.0
WT_like,CTCCG,0,5321,0.0,C,False,0.0
WT_like,CTCCT,2,3966,0.0005042864346949068,C,False,1.7728010301803885
WT_like,CTCGA,1,4786,0.0002089427496865859,C,True,0.7345308071140222
WT_like,CTCGC,4,7463,0.0005359774889454643,C,True,1.8842098045545812
WT_like,CTCGG,0,4862,0.0,C,True,0.0
WT_like,CTCGT,6,3809,0.0015752165922814387,C,True,5.537617919949136
WT_like,CTCTA,1,2723,0.0003672420124862284,C,False,1.2910262368151706
WT_like,CTCTC,0,4241,0.0,C,False,0.0
WT_like,CTCTG,1,6983,0.00014320492624946297,C,False,0.5034318262706158
WT_like,CTCTT,0,7523,0.0,C,False,0.0
WT_like,GACAA,4,8206,0.0004874482086278333,C,False,1.7136068451609603
WT_like,GACAC,1,4583,0.0002181976871045167,C,False,0.7670662105275388
WT_like,GACAG,0,6519,0.0,C,False,0.0
WT_like,GACAT,3,6963,0.00043084877208099956,C,False,1.514633538495351
WT_like,GACCA,2,9736,0.00020542317173377156,C,False,0.7221578559670727
WT_like,GACCC,1,3735,0.0002677376171352075,C,False,0.9412220730515958
WT_like,GACCG,2,8514,0.0002349072116513977,C,False,0.82580794992899
WT_like,GACCT,1,5305,0.00018850141376060322,C,False,0.6626700175019247
WT_like,GACGA,1,8663,0.0001154334526145677,C,True,0.40580219818165875
WT_like,GACGC,5,11769,0.000424844931599966,C,True,1.493527250763748
WT_like,GACGG,3,8932,0.0003358710255261979,C,True,1.1807426476201444
WT_like,GACGT,3,7169,0.00041846840563537454,C,True,1.4711108004663314
WT_like,GACTA,2,2986,0.0006697923643670462,C,False,2.3546312410232484
WT_like,GACTC,0,3569,0.0,C,False,0.0
WT_like,GACTG,1,6945,0.00014398848092152627,C,False,0.5061863848592815
WT_like,GACTT,0,5417,0.0,C,False,0.0
WT_like,GCCAA,1,11039,9.058791557206268e-05,C,False,0.3184585961452767
WT_like,GCCAC,2,11629,0.00017198383351964914,C,False,0.6046030514829667
WT_like,GCCAG,16,25906,0.0006176175403381456,C,False,2.1712125023378124
WT_like,GCCAT,4,14411,0.0002775657483866491,C,False,0.9757725190056791
WT_like,GCCCA,3,8803,0.0003407929115074406,C,False,1.1980453627789538
WT_like,GCCCC,0,5661,0.0,C,False,0.0
WT_like,GCCCG,1,10870,9.19963201471941e-05,C,False,0.32340979235029527
WT_like,GCCCT,0,5728,0.0,C,False,0.0
WT_like,GCCGA,8,12485,0.0006407689227072487,C,True,2.2526003638591656
WT_like,GCCGC,6,19411,0.0003091030858791407,C,True,1.086640907582621
WT_like,GCCGG,2,13129,0.00015233452662045854,C,True,0.5355266117522599
WT_like,GCCGT,3,12498,0.00024003840614498319,C,True,0.8438464817205257
WT_like,GCCTA,1,2876,0.0003477051460361613,C,False,1.2223450774852955
WT_like,GCCTC,3,4699,0.000638433709299851,C,False,2.244391004158998
WT_like,GCCTG,12,17087,0.0007022882893427752,C,False,2.468869509812871
WT_like,GCCTT,3,8985,0.000333889816360601,C,False,1.1737777772446445
WT_like,GGCAA,10,17807,0.0005615769079575448,C,False,1.97420365184911
WT_like,GGCAC,5,9445,0.0005293806246691371,C,False,1.8610187627568608
WT_like,GGCAG,5,14764,0.0003386616093199675,C,False,1.1905528457219283
WT_like,GGCAT,9,13081,0.0006880207935173152,C,False,2.418712635549988
WT_like,GGCCA,0,7554,0.0,C,False,0.0
WT_like,GGCCC,2,4221,0.00047382136934375743,C,False,1.6657021761893913
WT_like,GGCCG,2,6577,0.0003040900106431504,C,False,1.069017619841177
WT_like,GGCCT,5,6818,0.0007333528894103843,C,False,2.578076006781835
WT_like,GGCGA,6,18732,0.00032030749519538755,C,True,1.1260296101369986
WT_like,GGCGC,5,17020,0.0002937720329024677,C,True,1.0327451359717126
WT_like,GGCGG,16,17728,0.0009025270758122744,C,True,3.17280184372537
WT_like,GGCGT,9,16193,0.0005557957141974927,C,True,1.9538800707484336
WT_like,GGCTA,1,5659,0.00017670966601873123,C,False,0.6212165475963439
WT_like,GGCTC,2,4262,0.0004692632566870014,C,False,1.6496782932180714
WT_like,GGCTG,7,14870,0.0004707464694014795,C,False,1.6548924747769986
WT_like,GGCTT,6,10486,0.0005721914934197979,C,False,2.0115188496172287
WT_like,GTCAA,1,6550,0.00015267175572519084,C,False,0.5367121286790397
WT_like,GTCAC,1,7774,0.00012863390789812196,C,False,0.45220792936039494
WT_like,GTCAG,0,12676,0.0,C,False,0.0
WT_like,GTCAT,2,9991,0.00020018016214593134,C,False,0.7037262421875108
WT_like,GTCCA,1,5122,0.0001952362358453729,C,False,0.686346045069838
WT_like,GTCCC,2,2679,0.0007465472191116088,C,False,2.6244602036936993
WT_like,GTCCG,1,5681,0.0001760253476500616,C,False,0.6188108507036982
WT_like,GTCCT,2,3038,0.0006583278472679394,C,False,2.314328138806919
WT_like,GTCGA,2,8114,0.00024648755237860487,C,True,0.8665182259915479
WT_like,GTCGC,5,10985,0.0004551661356395084,C,True,1.6001203654290896
WT_like,GTCGG,2,8131,0.0002459722051408191,C,True,0.8647065411013922
WT_like,GTCGT,4,7310,0.0005471956224350205,C,True,1.9236467539522353
WT_like,GTCTA,0,1959,0.0,C,False,0.0
WT_like,GTCTC,0,2986,0.0,C,False,0.0
WT_like,GTCTG,5,10383,0.00048155639025329865,C,False,1.692894367161567
WT_like,GTCTT,1,5632,0.0001775568181818182,C,False,0.6241946809033576
WT_like,TACAA,2,5380,0.0003717472118959108,C,False,1.3068641051478476
WT_like,TACAC,0,4219,0.0,C,False,0.0
WT_like,TACAG,3,6738,0.0004452359750667854,C,False,1.5652112390239137
WT_like,TACAT,0,4945,0.0,C,False,0.0
WT_like,TACCA,2,8377,0.0002387489554733198,C,False,0.8393134637334869
WT_like,TACCC,0,6700,0.0,C,False,0.0
WT_like,TACCG,2,13393,0.00014933174046143508,C,False,0.5249704237807378
WT_like,TACCT,1,5880,0.00017006802721088434,C,False,0.5978681025251207
WT_like,TACGA,3,4807,0.0006240898689411275,C,True,2.193965743404021
WT_like,TACGC,3,10839,0.0002767783005812344,C,True,0.9730042742451452
WT_like,TACGG,2,7235,0.00027643400138217003,C,True,0.9717939026531335
WT_like,TACGT,0,5557,0.0,C,True,0.0
WT_like,TACTA,1,2392,0.0004180602006688963,C,False,1.4696757704212835
WT_like,TACTC,1,4472,0.00022361359570661896,C,False,0.7861056446439423
WT_like,TACTG,2,9260,0.00021598272138228941,C,False,0.7592795772889223
WT_like,TACTT,0,5105,0.0,C,False,0.0
WT_like,TCCAA,1,2627,0.00038066235249333843,C,False,1.3382049649210925
WT_like,TCCAC,3,7720,0.00038860103626943003,C,False,1.3661131254589547
WT_like,TCCAG,5,15711,0.00031824836102094077,C,False,1.1187907971636784
WT_like,TCCAT,2,7712,0.00025933609958506224,C,False,0.911686836838099
WT_like,TCCCA,2,5195,0.00038498556304138594,C,False,1.3534030578816978
WT_like,TCCCC,3,5263,0.0005700171005130154,C,False,2.0038748486686546
WT_like,TCCCG,2,7519,0.0002659928181939088,C,False,0.9350882944135418
WT_like,TCCCT,0,4253,0.0,C,False,0.0
WT_like,TCCGA,0,3818,0.0,C,True,0.0
WT_like,TCCGC,1,11025,9.070294784580499e-05,C,True,0.31886298801339774
WT_like,TCCGG,6,12906,0.00046490004649000463,C,True,1.6343395829138587
WT_like,TCCGT,3,6228,0.0004816955684007707,C,True,1.6933836429902265
WT_like,TCCTA,0,1144,0.0,C,False,0.0
WT_like,TCCTC,0,4625,0.0,C,False,0.0
WT_like,TCCTG,3,11428,0.0002625131256562828,C,False,0.9228555590254752
WT_like,TCCTT,4,5099,0.0007844675426554226,C,False,2.7577677527732574
WT_like,TGCAA,6,10252,0.0005852516582130316,C,False,2.0574313945655733
WT_like,TGCAC,8,7733,0.001034527350316824,C,False,3.6368441151922517
WT_like,TGCAG,6,12529,0.0004788889775720329,C,False,1.6835171727261762
WT_like,TGCAT,6,9022,0.0006650410108623365,C,False,2.3379280267220417
WT_like,TGCCA,5,16893,0.00029598058367371103,C,False,1.0405092176782424
WT_like,TGCCC,0,9024,0.0,C,False,0.0
WT_like,TGCCG,3,20528,0.00014614185502727982,C,False,0.513756494960207
WT_like,TGCCT,2,8652,0.0002311604253351826,C,False,0.8126362558593874
WT_like,TGCGA,5,7826,0.000638895987733197,C,True,2.2460161275541206
WT_like,TGCGC,12,18680,0.0006423982869379015,C,True,2.258328335876473
WT_like,TGCGG,9,13431,0.0006700915791824883,C,True,2.355683120067708
WT_like,TGCGT,5,10914,0.0004581271761040865,C,True,1.6105297978961473
WT_like,TGCTA,1,4180,0.00023923444976076556,C,False,0.8410202016382081
WT_like,TGCTC,5,8681,0.0005759705103098721,C,False,2.024803849123206
WT_like,TGCTG,5,23734,0.00021066823965618943,C,False,0.7405967057486539
WT_like,TGCTT,5,9262,0.0005398402072986396,C,False,1.8977890535779043
WT_like,TTCAA,1,10714,9.333582228859437e-05,C,False,0.3281187644995063
WT_like,TTCAC,4,12427,0.0003218797779029532,C,False,1.13155691408955
WT_like,TTCAG,0,15592,0.0,C,False,0.0
WT_like,TTCAT,1,13029,7.675186123263489e-05,C,False,0.26981843908570957
WT_like,TTCCA,0,12044,0.0,C,False,0.0
WT_like,TTCCC,2,7858,0.00025451768897938407,C,False,0.8947478856827972
WT_like,TTCCG,4,11977,0.0003339734491107957,C,False,1.1740717852042115
WT_like,TTCCT,3,8284,0.00036214389183969096,C,False,1.2731039749569206
WT_like,TTCGA,2,7252,0.0002757859900717044,C,True,0.9695158419326283
WT_like,TTCGC,3,14739,0.0002035416242621616,C,True,0.7155433427330979
WT_like,TTCGG,1,8485,0.00011785503830288745,C,True,0.41431519656425575
WT_like,TTCGT,0,8172,0.0,C,True,0.0
WT_like,TTCTA,0,3481,0.0,C,False,0.0
WT_like,TTCTC,1,8317,0.00012023566189731875,C,False,0.4226841941622833
WT_like,TTCTG,0,13716,0.0,C,False,0.0
WT_like,TTCTT,2,11321,0.00017666283897182228,C,False,0.6210519287779719
WT_like,AATAA,1,13926,7.18081286801666e-05,T,False,0.3206473518796121
WT_like,AATAC,2,9558,0.0002092487968194183,T,False,0.934365980806754
WT_like,AATAG,0,5445,0.0,T,False,0.0
WT_like,AATAT,4,12948,0.00030892801977139327,T,False,1.3794671060474135
WT_like,AATCA,4,14388,0.00027800945232137893,T,False,1.241405343974278
WT_like,AATCC,4,9086,0.00044023772837332157,T,False,1.9658089466323916
WT_like,AATCG,3,10369,0.0002893239463786286,T,False,1.2919283505474426
WT_like,AATCT,1,7937,0.00012599218848431397,T,False,0.5625973317721403
WT_like,AATGA,0,10966,0.0,T,False,0.0
WT_like,AATGC,1,13018,7.681671531725304e-05,T,False,0.3430123692022951
WT_like,AATGG,0,11605,0.0,T,False,0.0
WT_like,AATGT,0,7881,0.0,T,False,0.0
WT_like,AATTA,4,9156,0.00043687199650502403,T,False,1.9507798262452938
WT_like,AATTC,3,8304,0.000361271676300578,T,False,1.6131990687411406
WT_like,AATTG,1,8694,0.00011502185415228893,T,False,0.5136111136732778
WT_like,AATTT,2,13164,0.00015192950470981463,T,False,0.6784161382977024
WT_like,ACTAA,0,3630,0.0,T,False,0.0
WT_like,ACTAC,0,4568,0.0,T,False,0.0
WT_like,ACTAG,0,513,0.0,T,False,0.0
WT_like,ACTAT,0,4540,0.0,T,False,0.0
WT_like,ACTCA,0,6109,0.0,T,False,0.0
WT_like,ACTCC,0,4541,0.0,T,False,0.0
WT_like,ACTCG,0,4053,0.0,T,False,0.0
WT_like,ACTCT,1,4732,0.00021132713440405747,T,False,0.9436464544115548
WT_like,ACTGA,1,9395,0.00010643959552953698,T,False,0.4752884536748779
WT_like,ACTGC,1,10657,9.38350380031904e-05,T,False,0.4190048815121965
WT_like,ACTGG,2,14618,0.00013681762210972773,T,False,0.610936519671019
WT_like,ACTGT,0,6263,0.0,T,False,0.0
WT_like,ACTTA,0,4306,0.0,T,False,0.0
WT_like,ACTTC,0,8826,0.0,T,False,0.0
WT_like,ACTTG,1,3361,0.0002975304968759298,T,False,1.3285733478951138
WT_like,ACTTT,0,9566,0.0,T,False,0.0
WT_like,AGTAA,7,7477,0.0009362043600374481,T,False,4.180466116882218
WT_like,AGTAC,0,5456,0.0,T,False,0.0
WT_like,AGTAG,1,3300,0.00030303030303030303,T,False,1.3531318249319628
WT_like,AGTAT,3,4996,0.0006004803843074459,T,False,2.6813460902374766
WT_like,AGTCA,2,6214,0.000321853878339234,T,False,1.4371853950033724
WT_like,AGTCC,2,3337,0.0005993407252022775,T,False,2.676257130521713
WT_like,AGTCG,4,5870,0.0006814310051107325,T,False,3.042817732385334
WT_like,AGTCT,6,3496,0.0017162471395881006,T,False,7.663618459282856
WT_like,AGTGA,1,8049,0.00012423903590508137,T,False,0.5547689181607004
WT_like,AGTGC,1,7638,0.00013092432573972245,T,False,0.5846209769933854
WT_like,AGTGG,2,7415,0.00026972353337828726,T,False,1.2044059399259548
WT_like,AGTGT,5,4357,0.0011475786091347257,T,False,5.124322954183472
WT_like,AGTTA,2,5900,0.00033898305084745765,T,False,1.5136728889069417
WT_like,AGTTC,4,8355,0.00047875523638539794,T,False,2.1378025241294925
WT_like,AGTTG,2,7910,0.00025284450063211124,T,False,1.1290354038623205
WT_like,AGTTT,7,9908,0.0007064997981429148,T,False,3.154758291878113
WT_like,ATTAA,3,12729,0.00023568230025925054,T,False,1.0524004294780762
WT_like,ATTAC,0,10318,0.0,T,False,0.0
WT_like,ATTAG,0,3765,0.0,T,False,0.0
WT_like,ATTAT,5,11351,0.00044048982468504976,T,False,1.966934641122138
WT_like,ATTCA,1,11275,8.869179600886918e-05,T,False,0.39603858290691596
WT_like,ATTCC,2,8179,0.00024452867098667317,T,False,1.091902438507269
WT_like,ATTCG,0,7581,0.0,T,False,0.0
WT_like,ATTCT,1,7683,0.00013015749056358194,T,False,0.5811968010250524
WT_like,ATTGA,0,11237,0.0,T,False,0.0
WT_like,ATTGC,0,14598,0.0,T,False,0.0
WT_like,ATTGG,2,7692,0.00026001040041601667,T,False,1.1610335471335096
WT_like,ATTGT,0,8444,0.0,T,False,0.0
WT_like,ATTTA,0,10412,0.0,T,False,0.0
WT_like,ATTTC,0,13185,0.0,T,False,0.0
WT_like,ATTTG,1,9960,0.00010040160642570282,T,False,0.4483268094654094
WT_like,ATTTT,2,18036,0.00011088933244621867,T,False,0.49515801976884866
WT_like,CATAA,1,9192,0.00010879025239338555,T,False,0.4857849240943731
WT_like,CATAC,3,5815,0.0005159071367153912,T,False,2.303698205817099
WT_like,CATAG,0,4086,0.0,T,False,0.0
WT_like,CATAT,1,7520,0.00013297872340425532,T,False,0.593794550834505
WT_like,CATCA,1,18718,5.3424511165722836e-05,T,False,0.2385583407562495
WT_like,CATCC,1,10464,9.556574923547401e-05,T,False,0.42673308699115803
WT_like,CATCG,0,14522,0.0,T,False,0.0
WT_like,CATCT,1,9008,0.00011101243339253997,T,False,0.49570770673573245
WT_like,CATGA,0,8640,0.0,T,False,0.0
WT_like,CATGC,0,8366,0.0,T,False,0.0
WT_like,CATGG,0,7785,0.0,T,False,0.0
WT_like,CATGT,0,5737,0.0,T,False,0.0
WT_like,CATTA,0,10810,0.0,T,False,0.0
WT_like,CATTC,1,8960,0.00011160714285714285,T,False,0.4983632837361024
WT_like,CATTG,0,11536,0.0,T,False,0.0
WT_like,CATTT,2,12164,0.0001644195988161789,T,False,0.7341885929423673
WT_like,CCTAA,0,2355,0.0,T,False,0.0
WT_like,CCTAC,1,3022,0.00033090668431502316,T,False,1.4776092065769284
WT_like,CCTAG,1,250,0.004,T,False,17.861340089101912
WT_like,CCTAT,0,2618,0.0,T,False,0.0
WT_like,CCTCA,1,4206,0.00023775558725630053,T,False,1.061658350517232
WT_like,CCTCC,1,3134,0.0003190810465858328,T,False,1.4248037722640325
WT_like,CCTCG,3,4671,0.0006422607578676942,T,False,2.8679094555398055
WT_like,CCTCT,0,4166,0.0,T,False,0.0
WT_like,CCTGA,1,13617,7.343761474627305e-05,T,False,0.3279235530789071
WT_like,CCTGC,0,15531,0.0,T,False,0.0
WT_like,CCTGG,3,12050,0.00024896265560165974,T,False,1.1117016652967995
WT_like,CCTGT,0,8272,0.0,T,False,0.0
WT_like,CCTTA,1,4463,0.00022406453058480843,T,False,1.00052319567006
WT_like,CCTTC,0,8760,0.0,T,False,0.0
WT_like,CCTTG,0,4768,0.0,T,False,0.0
WT_like,CCTTT,0,9217,0.0,T,False,0.0
WT_like,CGTAA,5,9765,0.0005120327700972862,T,False,2.2863978608681403
WT_like,CGTAC,1,6708,0.0001490757304710793,T,False,0.66567308024381
WT_like,CGTAG,2,5296,0.00037764350453172205,T,False,1.6863047667203466
WT_like,CGTAT,1,6669,0.000149947518368571,T,False,0.6695659052744756
WT_like,CGTCA,2,12537,0.00015952779771875248,T,False,0.7123450621800235
WT_like,CGTCC,5,5895,0.0008481764206955047,T,False,3.787391876399896
WT_like,CGTCG,5,10668,0.00046869141357330335,T,False,2.0928641836686714
WT_like,CGTCT,1,7433,0.0001345351809498184,T,False,0.6007446552233927
WT_like,CGTGA,2,9563,0.00020913939140437102,T,False,0.9338774489753169
WT_like,CGTGC,5,8854,0.00056471651231082,T,False,2.5216484200787654
WT_like,CGTGG,1,9816,0.00010187449062754686,T,False,0.4549037308756599
WT_like,CGTGT,2,4636,0.0004314063848144953,T,False,1.9263740389454176
WT_like,CGTTA,3,11745,0.0002554278416347382,T,False,1.1405708869158309
WT_like,CGTTC,1,9842,0.0001016053647632595,T,False,0.4537019937284574
WT_like,CGTTG,1,12927,7.735746886361879e-05,T,False,0.34542701495130174
WT_like,CGTTT,7,14118,0.0004958209378098881,T,False,2.214006598379965
WT_like,CTTAA,0,6437,0.0,T,False,0.0
WT_like,CTTAC,1,5185,0.00019286403085824494,T,False,0.8612025115285395
WT_like,CTTAG,0,1990,0.0,T,False,0.0
WT_like,CTTAT,0,6215,0.0,T,False,0.0
WT_like,CTTCA,0,12514,0.0,T,False,0.0
WT_like,CTTCC,0,10972,0.0,T,False,0.0
WT_like,CTTCG,2,10035,0.0001993024414549078,T,False,0.8899521718536079
WT_like,CTTCT,0,8414,0.0,T,False,0.0
WT_like,CTTGA,0,4802,0.0,T,False,0.0
WT_like,CTTGC,0,7715,0.0,T,False,0.0
WT_like,CTTGG,0,2362,0.0,T,False,0.0
WT_like,CTTGT,0,4451,0.0,T,False,0.0
WT_like,CTTTA,0,10679,0.0,T,False,0.0
WT_like,CTTTC,0,11971,0.0,T,False,0.0
WT_like,CTTTG,0,10887,0.0,T,False,0.0
WT_like,CTTTT,0,12452,0.0,T,False,0.0
WT_like,GATAA,2,15180,0.00013175230566534913,T,False,0.5883181847530273
WT_like,GATAC,2,7454,0.00026831231553528306,T,False,1.1981043794675281
WT_like,GATAG,2,5812,0.00034411562284927734,T,False,1.5365915424210177
WT_like,GATAT,0,11924,0.0,T,False,0.0
WT_like,GATCA,3,11156,0.00026891358910003586,T,False,1.2007892673741873
WT_like,GATCC,12,8246,0.0014552510308028135,T,False,6.498183394046293
WT_like,GATCG,4,10956,0.0003650967506389193,T,False,1.6302793071469432
WT_like,GATCT,4,7890,0.0005069708491761723,T,False,2.2637946880991016
WT_like,GATGA,1,15579,6.418897233455292e-05,T,False,0.2866252662093509
WT_like,GATGC,0,14307,0.0,T,False,0.0
WT_like,GATGG,1,12952,7.720815318097592e-05,T,False,0.3447602704042216
WT_like,GATGT,0,9874,0.0,T,False,0.0
WT_like,GATTA,0,10010,0.0,T,False,0.0
WT_like,GATTC,2,7181,0.0002785127419579446,T,False,1.2436527008147829
WT_like,GATTG,3,10438,0.00028741138149070703,T,False,1.283388107571032
WT_like,GATTT,3,14151,0.00021199915200339198,T,False,0.9466472381334488
WT_like,GCTAA,0,6664,0.0,T,False,0.0
WT_like,GCTAC,1,6497,0.00015391719255040788,T,False,0.6872918304256546
WT_like,GCTAG,0,707,0.0,T,False,0.0
WT_like,GCTAT,0,7353,0.0,T,False,0.0
WT_like,GCTCA,2,8319,0.00024041351123933166,T,False,1.0735268715652069
WT_like,GCTCC,1,5248,0.00019054878048780488,T,False,0.8508641429640773
WT_like,GCTCG,1,6733,0.0001485222040695084,T,False,0.6632013994171213
WT_like,GCTCT,2,6009,0.0003328340822100183,T,False,1.4862156838993104
WT_like,GCTGA,3,17661,0.00016986580601324953,T,False,0.7585077326780155
WT_like,GCTGC,0,17989,0.0,T,False,0.0
WT_like,GCTGG,1,26346,3.7956426022925684e-05,T,False,0.16948815844057838
WT_like,GCTGT,1,12052,8.297378028542981e-05,T,False,0.3705057270391203
WT_like,GCTTA,0,6938,0.0,T,False,0.0
WT_like,GCTTC,1,11481,8.710042679209128e-05,T,False,0.38893258620986654
WT_like,GCTTG,2,6296,0.0003176620076238882,T,False,1.4184672878892877
WT_like,GCTTT,1,14948,6.68985817500669e-05,T,False,0.2987245800291328
WT_like,GGTAA,7,12742,0.000549364307016167,T,False,2.4530956801073884
WT_like,GGTAC,4,6556,0.0006101281269066504,T,False,2.724426493151603
WT_like,GGTAG,1,5653,0.0001768972227136034,T,False,0.7899053639263183
WT_like,GGTAT,4,9399,0.00042557718906266625,T,False,1.900344727003076
WT_like,GGTCA,7,10964,0.0006384531192995258,T,False,2.850907073689196
WT_like,GGTCC,0,2875,0.0,T,False,0.0
WT_like,GGTCG,8,8517,0.0009392978748385582,T,False,4.194279696865542
WT_like,GGTCT,6,4934,0.0012160518848804217,T,False,5.430079070460654
WT_like,GGTGA,3,14735,0.0002035968781812012,T,False,0.9091282705684718
WT_like,GGTGC,4,11775,0.0003397027600849257,T,False,1.516886631770863
WT_like,GGTGG,7,11744,0.0005960490463215259,T,False,2.6615586815334082
WT_like,GGTGT,4,8508,0.0004701457451810061,T,False,2.099358261530549
WT_like,GGTTA,0,9878,0.0,T,False,0.0
WT_like,GGTTC,7,7001,0.000999857163262391,T,False,4.464697208388565
WT_like,GGTTG,0,10283,0.0,T,False,0.0
WT_like,GGTTT,3,13697,0.0002190260641016281,T,False,0.9780247548241537
WT_like,GTTAA,2,11513,0.00017371666811430558,T,False,0.7757031220838144
WT_like,GTTAC,0,8285,0.0,T,False,0.0
WT_like,GTTAG,0,4345,0.0,T,False,0.0
WT_like,GTTAT,4,10905,0.00036680421824850985,T,False,1.637903722063449
WT_like,GTTCA,4,11210,0.0003568242640499554,T,False,1.5933398830599386
WT_like,GTTCC,2,8239,0.00024274790629930817,T,False,1.0839507275823468
WT_like,GTTCG,0,8604,0.0,T,False,0.0
WT_like,GTTCT,3,7893,0.0003800836183960471,T,False,1.6972006926170573
WT_like,GTTGA,0,12176,0.0,T,False,0.0
WT_like,GTTGC,1,13805,7.243752263672582e-05,T,False,0.3234578067566445
WT_like,GTTGG,1,8693,0.00011503508570113885,T,False,0.5136701969717563
WT_like,GTTGT,0,9093,0.0,T,False,0.0
WT_like,GTTTA,1,10046,9.954210631096954e-05,T,False,0.44448885350144113
WT_like,GTTTC,2,11400,0.00017543859649122806,T,False,0.7833921091711363
WT_like,GTTTG,3,11886,0.0002523977788995457,T,False,1.1270406416646839
WT_like,GTTTT,0,17145,0.0,T,False,0.0
WT_like,TATAA,1,5811,0.00017208742040956807,T,False,0.7684279852478881
WT_like,TATAC,2,3676,0.000544069640914037,T,False,2.4294532221302925
WT_like,TATAG,0,3299,0.0,T,False,0.0
WT_like,TATAT,0,5376,0.0,T,False,0.0
WT_like,TATCA,1,10912,9.164222873900293e-05,T,False,0.4092132535076501
WT_like,TATCC,2,8641,0.0002314546927438954,T,False,1.0335227455793259
WT_like,TATCG,3,12775,0.00023483365949119374,T,False,1.0486109641351415
WT_like,TATCT,0,8042,0.0,T,False,0.0
WT_like,TATGA,0,6540,0.0,T,False,0.0
WT_like,TATGC,0,7755,0.0,T,False,0.0
WT_like,TATGG,2,7249,0.00027590012415505585,T,False,1.2319864870397235
WT_like,TATGT,0,5069,0.0,T,False,0.0
WT_like,TATTA,0,8187,0.0,T,False,0.0
WT_like,TATTC,2,10273,0.00019468509685583569,T,False,0.8693341813054566
WT_like,TATTG,3,11303,0.000265416261169601,T,False,1.1851725264820343
WT_like,TATTT,1,12114,8.254911672445105e-05,T,False,0.36860946196759764
WT_like,TCTAA,0,2386,0.0,T,False,0.0
WT_like,TCTAC,2,4490,0.00044543429844097997,T,False,1.9890133729512152
WT_like,TCTAG,0,300,0.0,T,False,0.0
WT_like,TCTAT,0,4131,0.0,T,False,0.0
WT_like,TCTCA,0,5072,0.0,T,False,0.0
WT_like,TCTCC,1,6230,0.00016051364365971107,T,False,0.7167471945867541
WT_like,TCTCG,4,5463,0.0007321984257733846,T,False,3.269511273860866
WT_like,TCTCT,1,6563,0.00015236934328813042,T,False,0.6803801649056037
WT_like,TCTGA,1,8357,0.00011966016513102789,T,False,0.5343227261308457
WT_like,TCTGC,0,13238,0.0,T,False,0.0
WT_like,TCTGG,0,15029,0.0,T,False,0.0
WT_like,TCTGT,0,6732,0.0,T,False,0.0
WT_like,TCTTA,0,4120,0.0,T,False,0.0
WT_like,TCTTC,0,12868,0.0,T,False,0.0
WT_like,TCTTG,1,4905,0.00020387359836901122,T,False,0.9103639189144705
WT_like,TCTTT,1,12258,8.157937673356176e-05,T,False,0.3642792480237786
WT_like,TGTAA,8,6157,0.0012993340912782199,T,False,5.801962023421117
WT_like,TGTAC,5,5358,0.000933184023889511,T,False,4.1669793041017895
WT_like,TGTAG,1,4328,0.0002310536044362292,T,False,1.031731751912079
WT_like,TGTAT,3,5439,0.0005515719801434088,T,False,2.4629536802401977
WT_like,TGTCA,7,7276,0.0009620670698185816,T,False,4.29595178063886
WT_like,TGTCC,3,4413,0.0006798096532970768,T,False,3.035577853348387
WT_like,TGTCG,4,9485,0.0004217185028993147,T,False,1.8831144005378926
WT_like,TGTCT,6,5097,0.0011771630370806356,T,False,5.256427336404329
WT_like,TGTGA,0,5760,0.0,T,False,0.0
WT_like,TGTGC,4,7846,0.0005098139179199592,T,False,2.27648994253147
WT_like,TGTGG,2,7913,0.0002527486414760521,T,False,1.1286073606155638
WT_like,TGTGT,2,4315,0.0004634994206257242,T,False,2.0696801957244393
WT_like,TGTTA,4,7525,0.00053156146179402,T,False,2.3736000118407854
WT_like,TGTTC,3,10748,0.0002791216970599181,T,False,1.2463718893586184
WT_like,TGTTG,0,12647,0.0,T,False,0.0
WT_like,TGTTT,4,12754,0.00031362709738121374,T,False,1.4004500618709355
WT_like,TTTAA,0,11739,0.0,T,False,0.0
WT_like,TTTAC,1,12353,8.095199546668825e-05,T,False,0.36147778048048873
WT_like,TTTAG,1,4935,0.00020263424518743666,T,False,0.9048297917478171
WT_like,TTTAT,0,15638,0.0,T,False,0.0
WT_like,TTTCA,1,16763,5.9655192984549304e-05,T,False,0.2663804224945104
WT_like,TTTCC,15,12773,0.0011743521490644327,T,False,5.243875779701884
WT_like,TTTCG,1,12428,8.04634695848085e-05,T,False,0.3592963487508431
WT_like,TTTCT,2,12845,0.0001557026080186843,T,False,0.6952643086454616
WT_like,TTTGA,1,10556,9.473285335354301e-05,T,False,0.4230139278396625
WT_like,TTTGC,0,18249,0.0,T,False,0.0
WT_like,TTTGG,0,8402,0.0,T,False,0.0
WT_like,TTTGT,0,11377,0.0,T,False,0.0
WT_like,TTTTA,2,13528,0.00014784151389710232,T,False,0.6601618897509577
WT_like,TTTTC,2,18254,0.00010956502684343158,T,False,0.4892445515805279
WT_like,TTTTG,1,15851,6.308750236578134e-05,T,False,0.2817068337818105
WT_like,TTTTT,3,23134,0.00012967925996368982,T,False,0.5790613411786304
